{
  "id": "001434324520",
  "type": "concept",
  "content": "CROSS_PC_MESSAGING.md: # CROSS-PC MESSAGING ## How To Send Messages Between Computers  ---  ## INBOX STRUCTURE  ``` LOCAL_T",
  "source": "cyclotron_md",
  "tags": [
    "md",
    "indexed",
    "documentation"
  ],
  "metadata": {
    "path": "C:/Users/dwrek/100X_DEPLOYMENT\\LOCAL_TRINITY_HUB\\protocols\\CROSS_PC_MESSAGING.md",
    "file_type": "md",
    "indexed_at": "2025-11-24T04:40:25.147167"
  },
  "created": "2025-11-24T04:40:25.147169",
  "confidence": 0.75,
  "connections": []
}