{
  "id": "002b55986c77",
  "type": "fact",
  "content": "\ud83c\udfaf STATUS_AT_A_GLANCE.txt: ============================================================            \ud83c\udfaf TRINITY STATUS AT A GLANCE",
  "source": "cyclotron_txt",
  "tags": [
    "txt",
    "indexed"
  ],
  "metadata": {
    "path": "C:/Users/dwrek/Desktop\\ARCHIVE_NOV_22\\ARCHIVED_SESSIONS\\SESSION_2025_11_15\\STATUS_REPORTS\\\ud83c\udfaf STATUS_AT_A_GLANCE.txt",
    "file_type": "txt",
    "indexed_at": "2025-11-24T04:40:25.614052"
  },
  "created": "2025-11-24T04:40:25.614055",
  "confidence": 0.75,
  "connections": []
}