{
  "id": "00337ee4f5ea",
  "type": "interface",
  "content": "SEVEN_DOMAINS_DASHBOARD.html: <!DOCTYPE html> <html lang=\"en\"> <head>     <meta charset=\"UTF-8\">     <meta name=\"viewport\" content",
  "source": "cyclotron_html",
  "tags": [
    "html",
    "indexed",
    "ui"
  ],
  "metadata": {
    "path": "C:/Users/dwrek/100X_DEPLOYMENT\\SEVEN_DOMAINS_DASHBOARD.html",
    "file_type": "html",
    "indexed_at": "2025-11-24T04:40:25.117108"
  },
  "created": "2025-11-24T04:40:25.117110",
  "confidence": 0.75,
  "connections": []
}