{
  "id": "003f29a0c692",
  "type": "concept",
  "content": "COMMANDER_QUICK_REFERENCE.md: # \u26a1 COMMANDER QUICK REFERENCE - TRINITY ACTIVATION  **Status**: \u2705 ALL SYSTEMS OPERATIONAL **Session*",
  "source": "cyclotron_md",
  "tags": [
    "md",
    "indexed",
    "documentation"
  ],
  "metadata": {
    "path": "C:/Users/dwrek/.trinity\\COMMANDER_QUICK_REFERENCE.md",
    "file_type": "md",
    "indexed_at": "2025-11-24T04:40:25.287793"
  },
  "created": "2025-11-24T04:40:25.287795",
  "confidence": 0.75,
  "connections": []
}