{
  "id": "0048ef3563bc",
  "type": "tool",
  "content": "BLUETOOTH_BRIDGE.py: #!/usr/bin/env python3 \"\"\" Trinity Bluetooth Bridge Offline communication via Bluetooth between pair",
  "source": "cyclotron_py",
  "tags": [
    "py",
    "indexed",
    "code"
  ],
  "metadata": {
    "path": "C:/Users/dwrek/.trinity\\usb_bridge\\BLUETOOTH_BRIDGE.py",
    "file_type": "py",
    "indexed_at": "2025-11-24T04:40:25.404036"
  },
  "created": "2025-11-24T04:40:25.404038",
  "confidence": 0.75,
  "connections": []
}