{
  "id": "00625e443a18",
  "type": "fact",
  "content": "convertCallback.js: var fs = require('fs'); var srt2vtt = require('srt2vtt');  var srtData = fs.readFileSync('test.srt')",
  "source": "cyclotron_js",
  "tags": [
    "js",
    "indexed"
  ],
  "metadata": {
    "path": "C:/Users/dwrek/Desktop\\ARCHIVE_NOV_22\\OLD_PROJECTS\\OVERKORE_VIDEO_PLATFORM\\lib\\uploading\\convertCallback.js",
    "file_type": "js",
    "indexed_at": "2025-11-24T04:40:26.040554"
  },
  "created": "2025-11-24T04:40:26.040559",
  "confidence": 0.75,
  "connections": []
}