{
  "id": "0063814039e4",
  "type": "data",
  "content": "859d96f5810e.json: {   \"id\": \"859d96f5810e\",   \"content\": \"Trinity Doc: \\ud83d\\udccb C2 SESSION END REPORT\",   \"type\": ",
  "source": "cyclotron_json",
  "tags": [
    "json",
    "indexed",
    "structure"
  ],
  "metadata": {
    "path": "C:/Users/dwrek/.consciousness\\cyclotron_core\\atoms\\859d96f5810e.json",
    "file_type": "json",
    "indexed_at": "2025-11-24T04:40:25.220799"
  },
  "created": "2025-11-24T04:40:25.220801",
  "confidence": 0.75,
  "connections": []
}