{
  "id": "00793757d5db",
  "type": "data",
  "content": "session_state.json: {   \"session_id\": \"r3_breakthrough_nov_24_2025\",   \"started_at\": \"2025-11-23T22:00:00Z\",   \"last_upd",
  "source": "cyclotron_json",
  "tags": [
    "json",
    "indexed",
    "structure"
  ],
  "metadata": {
    "path": "C:/Users/dwrek/.consciousness\\session_state.json",
    "file_type": "json",
    "indexed_at": "2025-11-24T04:40:25.169068"
  },
  "created": "2025-11-24T04:40:25.169071",
  "confidence": 0.75,
  "connections": []
}