{
  "id": "00948eeb6fb2",
  "type": "data",
  "content": "ARAYA_SCAN_RESULTS.json: {   \"timestamp\": \"2025-10-27T05:59:20.339951\",   \"opportunities\": [],   \"todos\": [],   \"compliance_i",
  "source": "cyclotron_json",
  "tags": [
    "json",
    "indexed",
    "structure"
  ],
  "metadata": {
    "path": "C:/Users/dwrek/Desktop\\ARCHIVE_NOV_22\\OLD_PROJECTS\\\ud83d\udd27 SYSTEM_FILES\\ARAYA_SCAN_RESULTS.json",
    "file_type": "json",
    "indexed_at": "2025-11-24T04:40:26.283790"
  },
  "created": "2025-11-24T04:40:26.283792",
  "confidence": 0.75,
  "connections": []
}