{
  "id": "00a6db8bf7b4",
  "type": "interface",
  "content": "CLAUDE_VISION_COCKPIT.html: <!DOCTYPE html> <html> <head>     <title>Claude Vision Cockpit - Live Screen Feed</title>     <style",
  "source": "cyclotron_html",
  "tags": [
    "html",
    "indexed",
    "ui"
  ],
  "metadata": {
    "path": "C:/Users/dwrek/Desktop\\ARCHIVE_NOV_22\\OLD_PROJECTS\\CLAUDE_DELIVERIES\\CLAUDE_VISION_COCKPIT.html",
    "file_type": "html",
    "indexed_at": "2025-11-24T04:40:25.953036"
  },
  "created": "2025-11-24T04:40:25.953040",
  "confidence": 0.75,
  "connections": []
}