{
  "id": "00ad8890f44c",
  "type": "fact",
  "content": "missedFile404Middleware.js: // TODO: this should pull from the same place as the uploading middleware const videoExtensions = ['",
  "source": "cyclotron_js",
  "tags": [
    "js",
    "indexed"
  ],
  "metadata": {
    "path": "C:/Users/dwrek/Desktop\\ARCHIVE_NOV_22\\OLD_PROJECTS\\OVERKORE_VIDEO_PLATFORM\\middlewares\\shared\\missedFile404Middleware.js",
    "file_type": "js",
    "indexed_at": "2025-11-24T04:40:26.048970"
  },
  "created": "2025-11-24T04:40:26.048972",
  "confidence": 0.75,
  "connections": []
}