{
  "id": "00d1786a322f",
  "type": "interface",
  "content": "TRINITY_WORKSPACE.html: <!DOCTYPE html> <html lang=\"en\"> <head>     <meta charset=\"UTF-8\">     <meta name=\"viewport\" content",
  "source": "cyclotron_html",
  "tags": [
    "html",
    "indexed",
    "ui"
  ],
  "metadata": {
    "path": "C:/Users/dwrek/.trinity\\mcp-tools\\TRINITY_WORKSPACE.html",
    "file_type": "html",
    "indexed_at": "2025-11-24T04:40:25.387155"
  },
  "created": "2025-11-24T04:40:25.387157",
  "confidence": 0.75,
  "connections": []
}