{
  "id": "00da474c5ad2",
  "type": "concept",
  "content": "API_CATALOG_COMPLETE.md: # Complete API Catalog - Trinity System **Date:** 2025-11-22 **Maintainer:** C2 ARCHITECT **Purpose:",
  "source": "cyclotron_md",
  "tags": [
    "md",
    "indexed",
    "documentation"
  ],
  "metadata": {
    "path": "C:/Users/dwrek/.trinity\\API_CATALOG_COMPLETE.md",
    "file_type": "md",
    "indexed_at": "2025-11-24T04:40:25.258875"
  },
  "created": "2025-11-24T04:40:25.258877",
  "confidence": 0.75,
  "connections": []
}