{
  "id": "0122bf4c784e",
  "type": "tool",
  "content": "WAKE_OTHER_COMPUTER.py: \"\"\" WAKE OTHER COMPUTER =================== Send a task to another computer via Tailscale. That comp",
  "source": "cyclotron_py",
  "tags": [
    "py",
    "indexed",
    "code"
  ],
  "metadata": {
    "path": "C:/Users/dwrek/.trinity\\WAKE_OTHER_COMPUTER.py",
    "file_type": "py",
    "indexed_at": "2025-11-24T04:40:25.364554"
  },
  "created": "2025-11-24T04:40:25.364557",
  "confidence": 0.75,
  "connections": []
}