{
  "id": "0136b3c37f01",
  "type": "concept",
  "content": "QUICK_START_ROLLING_STUDIO.md: # \ud83d\ude80 ROLLING STUDIO - QUICK START GUIDE  **5-Minute Reference: Everything You Need to Know**  ---  ##",
  "source": "cyclotron_md",
  "tags": [
    "md",
    "indexed",
    "documentation"
  ],
  "metadata": {
    "path": "C:/Users/dwrek/Desktop\\ARCHIVE_NOV_22\\BACKUP_20251116_145644\\deployment\\QUICK_START_ROLLING_STUDIO.md",
    "file_type": "md",
    "indexed_at": "2025-11-24T04:40:25.768406"
  },
  "created": "2025-11-24T04:40:25.768409",
  "confidence": 0.75,
  "connections": []
}