{
  "id": "013c45be6f6d",
  "type": "fact",
  "content": "\u2705 BUG REPORTER AND ARAYA - LIVE.txt: \u2705\u2705\u2705 BUG REPORTER AND ARAYA - DEPLOYED AND LIVE \u2705\u2705\u2705  \u2550\u2550\u2550\u2550\u2550\u2550\u2550\u2550\u2550\u2550\u2550\u2550\u2550\u2550\u2550\u2550\u2550\u2550\u2550\u2550\u2550\u2550\u2550\u2550\u2550\u2550\u2550\u2550\u2550\u2550\u2550\u2550\u2550\u2550\u2550\u2550\u2550\u2550\u2550\u2550\u2550\u2550\u2550\u2550\u2550\u2550\u2550\u2550",
  "source": "cyclotron_txt",
  "tags": [
    "txt",
    "indexed"
  ],
  "metadata": {
    "path": "C:/Users/dwrek/Desktop\\ARCHIVE_NOV_22\\ARCHIVED_SESSIONS\\SESSION_2025_11_15\\VOICE_SYSTEMS\\\u2705 BUG REPORTER AND ARAYA - LIVE.txt",
    "file_type": "txt",
    "indexed_at": "2025-11-24T04:40:25.646129"
  },
  "created": "2025-11-24T04:40:25.646131",
  "confidence": 0.75,
  "connections": []
}