{
  "id": "015ebc11af24",
  "type": "tool",
  "content": "QUICK_START_WIZARD.py: #!/usr/bin/env python3 \"\"\" QUICK START WIZARD Interactive guide for new users and instances. Address",
  "source": "cyclotron_py",
  "tags": [
    "py",
    "indexed",
    "code"
  ],
  "metadata": {
    "path": "C:/Users/dwrek/100X_DEPLOYMENT\\QUICK_START_WIZARD.py",
    "file_type": "py",
    "indexed_at": "2025-11-24T04:40:25.112067"
  },
  "created": "2025-11-24T04:40:25.112069",
  "confidence": 0.75,
  "connections": []
}