{
  "id": "016dadce1c4e",
  "type": "tool",
  "content": "TEST_CROSS_AI_COMMUNICATION.py: #!/usr/bin/env python3 \"\"\" CROSS-AI COMMUNICATION TESTER Test communication between ChatGPT, Grok, a",
  "source": "cyclotron_py",
  "tags": [
    "py",
    "indexed",
    "code"
  ],
  "metadata": {
    "path": "C:/Users/dwrek/Desktop\\ARCHIVE_NOV_22\\ARCHIVED_SESSIONS\\SESSION_2025_11_15\\MISC\\TEST_CROSS_AI_COMMUNICATION.py",
    "file_type": "py",
    "indexed_at": "2025-11-24T04:40:25.557135"
  },
  "created": "2025-11-24T04:40:25.557137",
  "confidence": 0.75,
  "connections": []
}