{
  "id": "01c7bf186354",
  "type": "tool",
  "content": "CROSS_COMPUTER_CONTROLLER.py: \"\"\" CROSS-COMPUTER TRINITY CONTROLLER Uses Playwright to type commands into other computer's Claude ",
  "source": "cyclotron_py",
  "tags": [
    "py",
    "indexed",
    "code"
  ],
  "metadata": {
    "path": "C:/Users/dwrek/.trinity\\CROSS_COMPUTER_CONTROLLER.py",
    "file_type": "py",
    "indexed_at": "2025-11-24T04:40:25.295978"
  },
  "created": "2025-11-24T04:40:25.295980",
  "confidence": 0.75,
  "connections": []
}