{
  "id": "01dbd1042d22",
  "type": "fact",
  "content": "claude --dangerously-skip-permissions.txt: claude --dangerously-skip-permissions",
  "source": "cyclotron_txt",
  "tags": [
    "txt",
    "indexed"
  ],
  "metadata": {
    "path": "C:/Users/dwrek/Desktop\\ARCHIVE_NOV_22\\ARCHIVED_SESSIONS\\SESSION_2025_11_15\\MISC\\claude --dangerously-skip-permissions.txt",
    "file_type": "txt",
    "indexed_at": "2025-11-24T04:40:25.526393"
  },
  "created": "2025-11-24T04:40:25.526395",
  "confidence": 0.75,
  "connections": []
}