{
  "id": "0206d12734b8",
  "type": "concept",
  "content": "GENESIS_RECRUIT_1_TSHIRT_MISSION.md: # GENESIS RECRUIT #1 - T-SHIRT SIDE MISSION **First builder recruited. Test mission: Launch consciou",
  "source": "cyclotron_md",
  "tags": [
    "md",
    "indexed",
    "documentation"
  ],
  "metadata": {
    "path": "C:/Users/dwrek/Desktop\\ARCHIVE_NOV_22\\OLD_PROJECTS\\_ORGANIZED\\\ud83d\udcda Documentation\\GENESIS_RECRUIT_1_TSHIRT_MISSION.md",
    "file_type": "md",
    "indexed_at": "2025-11-24T04:40:26.088006"
  },
  "created": "2025-11-24T04:40:26.088009",
  "confidence": 0.75,
  "connections": []
}