{
  "id": "020ac9cc1c85",
  "type": "concept",
  "content": "SIMPLE_PLAN.md: # SIMPLE PLAN - NO MORE COMPLEXITY  ## What We Already Have: \u2705 Builder Terminal (AI coding assistant",
  "source": "cyclotron_md",
  "tags": [
    "md",
    "indexed",
    "documentation"
  ],
  "metadata": {
    "path": "C:/Users/dwrek/Desktop\\ARCHIVE_NOV_22\\BACKUP_20251116_145644\\deployment\\SIMPLE_PLAN.md",
    "file_type": "md",
    "indexed_at": "2025-11-24T04:40:25.781822"
  },
  "created": "2025-11-24T04:40:25.781825",
  "confidence": 0.75,
  "connections": []
}