{
  "id": "023489c058ef",
  "type": "fact",
  "content": "useCurrentUser.js: import firebase from \"firebase/compat\"; import { useEffect, useState } from \"react\";  export const u",
  "source": "cyclotron_js",
  "tags": [
    "js",
    "indexed"
  ],
  "metadata": {
    "path": "C:/Users/dwrek/Desktop\\ARCHIVE_NOV_22\\OLD_PROJECTS\\INSTAGRAM_FULL_FEATURES\\src\\hooks\\useCurrentUser.js",
    "file_type": "js",
    "indexed_at": "2025-11-24T04:40:25.967867"
  },
  "created": "2025-11-24T04:40:25.967869",
  "confidence": 0.75,
  "connections": []
}