{
  "id": "0251fc3bb3b3",
  "type": "concept",
  "content": "SESSION_COMPLETE_ARAYA_HUD_INTEGRATION_OCT_25.md: # \ud83c\udfae SESSION COMPLETE: ARAYA HUD INTEGRATION - OCT 25, 2025  **Session Time:** 9:00 AM - 11:15 AM PST",
  "source": "cyclotron_md",
  "tags": [
    "md",
    "indexed",
    "documentation"
  ],
  "metadata": {
    "path": "C:/Users/dwrek/Desktop\\ARCHIVE_NOV_22\\OLD_PROJECTS\\\ud83d\udcda DOCUMENTATION\\SESSION_COMPLETE_ARAYA_HUD_INTEGRATION_OCT_25.md",
    "file_type": "md",
    "indexed_at": "2025-11-24T04:40:26.238879"
  },
  "created": "2025-11-24T04:40:26.238882",
  "confidence": 0.75,
  "connections": []
}