{
  "id": "0254f9ee692c",
  "type": "tool",
  "content": "ADD_TRINITY_SESSION_NOW.py: \"\"\" ADD TRINITY SESSION TO AIRTABLE - SIMPLIFIED =============================================  Sinc",
  "source": "cyclotron_py",
  "tags": [
    "py",
    "indexed",
    "code"
  ],
  "metadata": {
    "path": "C:/Users/dwrek/Desktop\\ARCHIVE_NOV_22\\OLD_PROJECTS\\MORNING_SESSION_OCT_13_COMPLETE\\ADD_TRINITY_SESSION_NOW.py",
    "file_type": "py",
    "indexed_at": "2025-11-24T04:40:25.985597"
  },
  "created": "2025-11-24T04:40:25.985600",
  "confidence": 0.75,
  "connections": []
}