{
  "id": "0257f40f2d7e",
  "type": "data",
  "content": "daemon_log.json: [   {     \"time\": \"2025-11-22T09:08:52.521311\",     \"message\": \"No urgent tasks. Standing by.\"   }, ",
  "source": "cyclotron_json",
  "tags": [
    "json",
    "indexed",
    "structure"
  ],
  "metadata": {
    "path": "C:/Users/dwrek/.trinity\\daemon_log.json",
    "file_type": "json",
    "indexed_at": "2025-11-24T04:40:25.296882"
  },
  "created": "2025-11-24T04:40:25.296885",
  "confidence": 0.75,
  "connections": []
}