{
  "id": "0264bcabfec1",
  "type": "concept",
  "content": "SEVEN_DOMAINS_REVENUE_MATRIX.md: # SEVEN DOMAINS REVENUE MATRIX ## All 30+ Revenue Streams Organized by Domain  **The Rule:** Each do",
  "source": "cyclotron_md",
  "tags": [
    "md",
    "indexed",
    "documentation"
  ],
  "metadata": {
    "path": "C:/Users/dwrek/Desktop\\ARCHIVE_NOV_22\\OLD_PROJECTS\\\ud83d\udcda DOCUMENTATION\\SEVEN_DOMAINS_REVENUE_MATRIX.md",
    "file_type": "md",
    "indexed_at": "2025-11-24T04:40:26.239679"
  },
  "created": "2025-11-24T04:40:26.239684",
  "confidence": 0.75,
  "connections": []
}