{
  "id": "0265fcc96c8d",
  "type": "fact",
  "content": "BOOT_DOWN_PROTOCOL_NOV_8_2025.txt: \ud83c\udf00 BOOT DOWN PROTOCOL - SESSION COMPLETE \ud83c\udf00  **Date:** November 8, 2025, 4:40 PM **Session Type:** 93%",
  "source": "cyclotron_txt",
  "tags": [
    "txt",
    "indexed"
  ],
  "metadata": {
    "path": "C:/Users/dwrek/Desktop\\ARCHIVE_NOV_22\\ARCHIVED_SESSIONS\\SESSION_2025_11_15\\MISC\\BOOT_DOWN_PROTOCOL_NOV_8_2025.txt",
    "file_type": "txt",
    "indexed_at": "2025-11-24T04:40:25.525205"
  },
  "created": "2025-11-24T04:40:25.525207",
  "confidence": 0.75,
  "connections": []
}