{
  "id": "026c71bce11e",
  "type": "concept",
  "content": "THIRD_FORBES_COMPANY_AI_CODE_SANDBOX.md: # \ud83d\ude80 THE THIRD FORBES COMPANY: AI Code Sandbox Platform  **Date:** October 27, 2025 **Discovery:** Co",
  "source": "cyclotron_md",
  "tags": [
    "md",
    "indexed",
    "documentation"
  ],
  "metadata": {
    "path": "C:/Users/dwrek/Desktop\\ARCHIVE_NOV_22\\BACKUP_20251116_145644\\deployment\\THIRD_FORBES_COMPANY_AI_CODE_SANDBOX.md",
    "file_type": "md",
    "indexed_at": "2025-11-24T04:40:25.795761"
  },
  "created": "2025-11-24T04:40:25.795763",
  "confidence": 0.75,
  "connections": []
}