{
  "id": "027411802b35",
  "type": "tool",
  "content": "sync_daemon.py: #!/usr/bin/env python3 \"\"\" Computer 2 Sync Daemon - Maintains connection with Computer 1 \"\"\"  import",
  "source": "cyclotron_py",
  "tags": [
    "py",
    "indexed",
    "code"
  ],
  "metadata": {
    "path": "C:/Users/dwrek/Desktop\\ARCHIVE_NOV_22\\COMPUTER_2_PACKAGE\\sync_daemon.py",
    "file_type": "py",
    "indexed_at": "2025-11-24T04:40:25.898845"
  },
  "created": "2025-11-24T04:40:25.898847",
  "confidence": 0.75,
  "connections": []
}