{
  "id": "027e8843e238",
  "type": "concept",
  "content": "\ud83d\ude80 RAILWAY_DEPLOYMENT_GUIDE.md: # \ud83d\ude80 RAILWAY DEPLOYMENT GUIDE - TRINITY TO CLOUD  **Status:** Ready to Deploy **Time Needed:** 5-10 m",
  "source": "cyclotron_md",
  "tags": [
    "md",
    "indexed",
    "documentation"
  ],
  "metadata": {
    "path": "C:/Users/dwrek/Desktop\\ARCHIVE_NOV_22\\ARCHIVED_SESSIONS\\SESSION_2025_11_15\\DEPLOYMENTS\\\ud83d\ude80 RAILWAY_DEPLOYMENT_GUIDE.md",
    "file_type": "md",
    "indexed_at": "2025-11-24T04:40:25.508533"
  },
  "created": "2025-11-24T04:40:25.508535",
  "confidence": 0.75,
  "connections": []
}