{
  "id": "02a2ac158d75",
  "type": "fact",
  "content": "setGlobalAmounts.js: const redisClient = require('../config/redis');  let globalRecentUploads; async function setRecentUp",
  "source": "cyclotron_js",
  "tags": [
    "js",
    "indexed"
  ],
  "metadata": {
    "path": "C:/Users/dwrek/Desktop\\ARCHIVE_NOV_22\\OLD_PROJECTS\\OVERKORE_VIDEO_PLATFORM\\caching\\setGlobalAmounts.js",
    "file_type": "js",
    "indexed_at": "2025-11-24T04:40:26.015784"
  },
  "created": "2025-11-24T04:40:26.015788",
  "confidence": 0.75,
  "connections": []
}