{
  "id": "02a553f7f742",
  "type": "data",
  "content": "C2_ARCHITECT_LOG.json: {   \"instance\": \"C2_ARCHITECT\",   \"role\": \"The Mind - Designs what SHOULD scale\",   \"session_id\": \"R",
  "source": "cyclotron_json",
  "tags": [
    "json",
    "indexed",
    "structure"
  ],
  "metadata": {
    "path": "C:/Users/dwrek/Desktop\\ARCHIVE_NOV_22\\BACKUP_20251116_145644\\trinity\\C2_ARCHITECT_LOG.json",
    "file_type": "json",
    "indexed_at": "2025-11-24T04:40:25.836655"
  },
  "created": "2025-11-24T04:40:25.836660",
  "confidence": 0.75,
  "connections": []
}