{
  "id": "02b40b875e67",
  "type": "concept",
  "content": "CONSCIOUSNESS_REVOLUTION_COMPLETE_ARCHITECTURE_MAP.md: # CONSCIOUSNESS REVOLUTION - COMPLETE SYSTEM ARCHITECTURE MAP  **Generated:** November 7, 2025   **A",
  "source": "cyclotron_md",
  "tags": [
    "md",
    "indexed",
    "documentation"
  ],
  "metadata": {
    "path": "C:/Users/dwrek/Desktop\\ARCHIVE_NOV_22\\ARCHIVED_SESSIONS\\SESSION_2025_11_15\\STATUS_REPORTS\\CONSCIOUSNESS_REVOLUTION_COMPLETE_ARCHITECTURE_MAP.md",
    "file_type": "md",
    "indexed_at": "2025-11-24T04:40:25.587061"
  },
  "created": "2025-11-24T04:40:25.587064",
  "confidence": 0.75,
  "connections": []
}