{
  "id": "02c592c25dac",
  "type": "fact",
  "content": "\ud83c\udfaf JOSHUA - EXACT COMMANDS FOR CLAUDE CODE.txt: \u2550\u2550\u2550\u2550\u2550\u2550\u2550\u2550\u2550\u2550\u2550\u2550\u2550\u2550\u2550\u2550\u2550\u2550\u2550\u2550\u2550\u2550\u2550\u2550\u2550\u2550\u2550\u2550\u2550\u2550\u2550\u2550\u2550\u2550\u2550\u2550\u2550\u2550\u2550\u2550\u2550\u2550\u2550\u2550\u2550\u2550\u2550\u2550\u2550\u2550\u2550\u2550\u2550\u2550\u2550\u2550\u2550\u2550\u2550\u2550\u2550\u2550\u2550 \ud83c\udfaf JOSHUA - COPY THESE EXACT COMMANDS",
  "source": "cyclotron_txt",
  "tags": [
    "txt",
    "indexed"
  ],
  "metadata": {
    "path": "C:/Users/dwrek/Desktop\\ARCHIVE_NOV_22\\ARCHIVED_INSTRUCTIONS\\\ud83c\udfaf JOSHUA - EXACT COMMANDS FOR CLAUDE CODE.txt",
    "file_type": "txt",
    "indexed_at": "2025-11-24T04:40:25.486983"
  },
  "created": "2025-11-24T04:40:25.486988",
  "confidence": 0.75,
  "connections": []
}