{
  "id": "02cbae083e95",
  "type": "data",
  "content": "trinity_control_config.json: {   \"trinity_permissions\": {     \"website_access\": true,     \"autonomous_mode\": true,     \"edit_file",
  "source": "cyclotron_json",
  "tags": [
    "json",
    "indexed",
    "structure"
  ],
  "metadata": {
    "path": "C:/Users/dwrek/Desktop\\ARCHIVE_NOV_22\\BACKUP_20251116_145644\\trinity\\trinity_control_config.json",
    "file_type": "json",
    "indexed_at": "2025-11-24T04:40:25.882067"
  },
  "created": "2025-11-24T04:40:25.882070",
  "confidence": 0.75,
  "connections": []
}