{
  "id": "030036499d63",
  "type": "interface",
  "content": "SYSTEM_STATUS_MASTER.html: <!DOCTYPE html> <html> <head>     <title>\ud83c\udf9b\ufe0f CONSCIOUSNESS REVOLUTION - MASTER SYSTEM STATUS</title> ",
  "source": "cyclotron_html",
  "tags": [
    "html",
    "indexed",
    "ui"
  ],
  "metadata": {
    "path": "C:/Users/dwrek/Desktop\\ARCHIVE_NOV_22\\SYSTEM_STATUS_MASTER.html",
    "file_type": "html",
    "indexed_at": "2025-11-24T04:40:25.449125"
  },
  "created": "2025-11-24T04:40:25.449128",
  "confidence": 0.75,
  "connections": []
}