{
  "id": "030e1f0bcdb1",
  "type": "data",
  "content": "AUDIT_REPORT_20251104_084801.json: {   \"timestamp\": \"2025-11-04T08:48:01.293122\",   \"summary\": {     \"total\": 16,     \"passed\": 16,    ",
  "source": "cyclotron_json",
  "tags": [
    "json",
    "indexed",
    "structure"
  ],
  "metadata": {
    "path": "C:/Users/dwrek/Desktop\\ARCHIVE_NOV_22\\ARCHIVED_SESSIONS\\SESSION_2025_11_15\\STATUS_REPORTS\\AUDIT_REPORT_20251104_084801.json",
    "file_type": "json",
    "indexed_at": "2025-11-24T04:40:25.579832"
  },
  "created": "2025-11-24T04:40:25.579836",
  "confidence": 0.75,
  "connections": []
}