{
  "id": "0310212de323",
  "type": "fact",
  "content": "dryRun.js: // This is a helper for adding ffmpeg data to the Upload model for // old uploads. // In order to us",
  "source": "cyclotron_js",
  "tags": [
    "js",
    "indexed"
  ],
  "metadata": {
    "path": "C:/Users/dwrek/Desktop\\ARCHIVE_NOV_22\\OLD_PROJECTS\\OVERKORE_VIDEO_PLATFORM\\scripts\\shared\\dryRun.js",
    "file_type": "js",
    "indexed_at": "2025-11-24T04:40:26.065571"
  },
  "created": "2025-11-24T04:40:26.065574",
  "confidence": 0.75,
  "connections": []
}