{
  "id": "032db6e7f7b9",
  "type": "fact",
  "content": "OVERNIGHT_PREP_COMPLETE.txt: ============================================================ \u2705 OVERNIGHT SYSTEM PREP COMPLETE - NOV ",
  "source": "cyclotron_txt",
  "tags": [
    "txt",
    "indexed"
  ],
  "metadata": {
    "path": "C:/Users/dwrek/Desktop\\ARCHIVE_NOV_22\\ARCHIVED_SESSIONS\\SESSION_2025_11_15\\STATUS_REPORTS\\OVERNIGHT_PREP_COMPLETE.txt",
    "file_type": "txt",
    "indexed_at": "2025-11-24T04:40:25.591815"
  },
  "created": "2025-11-24T04:40:25.591817",
  "confidence": 0.75,
  "connections": []
}