{
  "id": "032e2856e8ba",
  "type": "data",
  "content": "280fa352734e.json: {   \"id\": \"280fa352734e\",   \"content\": \"Task completed: Document and deploy: Research requirements f",
  "source": "cyclotron_json",
  "tags": [
    "json",
    "indexed",
    "structure"
  ],
  "metadata": {
    "path": "C:/Users/dwrek/.consciousness\\cyclotron_core\\atoms\\280fa352734e.json",
    "file_type": "json",
    "indexed_at": "2025-11-24T04:40:25.194775"
  },
  "created": "2025-11-24T04:40:25.194777",
  "confidence": 0.75,
  "connections": []
}