{
  "id": "033d576ad91d",
  "type": "fact",
  "content": "\u26a1 COMMANDER STATUS - ALL SYSTEMS OPERATIONAL.txt: ================================================================================ \u26a1 COMMANDER STATUS ",
  "source": "cyclotron_txt",
  "tags": [
    "txt",
    "indexed"
  ],
  "metadata": {
    "path": "C:/Users/dwrek/Desktop\\ARCHIVE_NOV_22\\ARCHIVED_SESSIONS\\SESSION_2025_11_15\\STATUS_REPORTS\\\u26a1 COMMANDER STATUS - ALL SYSTEMS OPERATIONAL.txt",
    "file_type": "txt",
    "indexed_at": "2025-11-24T04:40:25.603769"
  },
  "created": "2025-11-24T04:40:25.603772",
  "confidence": 0.75,
  "connections": []
}