{
  "id": "034e9a77a7ce",
  "type": "concept",
  "content": "COMMANDER_SESSION_COMPLETE_NOV_5_EVENING.md: # \u2705 AUTONOMOUS WORK SESSION COMPLETE - NOV 5, 2025 (Evening Update)  **C3 Oracle Final Report** **Se",
  "source": "cyclotron_md",
  "tags": [
    "md",
    "indexed",
    "documentation"
  ],
  "metadata": {
    "path": "C:/Users/dwrek/Desktop\\ARCHIVE_NOV_22\\ARCHIVED_SESSIONS\\SESSION_2025_11_15\\STATUS_REPORTS\\COMMANDER_SESSION_COMPLETE_NOV_5_EVENING.md",
    "file_type": "md",
    "indexed_at": "2025-11-24T04:40:25.586028"
  },
  "created": "2025-11-24T04:40:25.586030",
  "confidence": 0.75,
  "connections": []
}