{
  "id": "035a4b930ed7",
  "type": "data",
  "content": "81775560d360.json: {   \"id\": \"81775560d360\",   \"content\": \"Doc: PERSON_SPIRIT.md - Consciousness Calibration File\",   \"",
  "source": "cyclotron_json",
  "tags": [
    "json",
    "indexed",
    "structure"
  ],
  "metadata": {
    "path": "C:/Users/dwrek/.consciousness\\cyclotron_core\\atoms\\81775560d360.json",
    "file_type": "json",
    "indexed_at": "2025-11-24T04:40:25.219970"
  },
  "created": "2025-11-24T04:40:25.219972",
  "confidence": 0.75,
  "connections": []
}