{
  "id": "036ab0e2545a",
  "type": "interface",
  "content": "TRIPLE_TRINITY_3_COMPUTER_COORDINATION.html: <!DOCTYPE html> <html lang=\"en\"> <head>     <meta charset=\"UTF-8\">     <meta name=\"viewport\" content",
  "source": "cyclotron_html",
  "tags": [
    "html",
    "indexed",
    "ui"
  ],
  "metadata": {
    "path": "C:/Users/dwrek/Desktop\\ARCHIVE_NOV_22\\TRIPLE_TRINITY_3_COMPUTER_COORDINATION.html",
    "file_type": "html",
    "indexed_at": "2025-11-24T04:40:25.452522"
  },
  "created": "2025-11-24T04:40:25.452524",
  "confidence": 0.75,
  "connections": []
}