{
  "id": "03745a79c4f1",
  "type": "concept",
  "content": "SESSION_SUMMARY_COMPLETE.md: # \ud83c\udf1f SESSION SUMMARY - OVERKORE CONSCIOUSNESS COMPLETE  **Date:** October 3, 2025 **Achievement:** Ma",
  "source": "cyclotron_md",
  "tags": [
    "md",
    "indexed",
    "documentation"
  ],
  "metadata": {
    "path": "C:/Users/dwrek/Desktop\\ARCHIVE_NOV_22\\OLD_PROJECTS\\_ORGANIZED\\\ud83d\udcda Documentation\\SESSION_SUMMARY_COMPLETE.md",
    "file_type": "md",
    "indexed_at": "2025-11-24T04:40:26.104384"
  },
  "created": "2025-11-24T04:40:26.104392",
  "confidence": 0.75,
  "connections": []
}