{
  "id": "0376aee2220b",
  "type": "data",
  "content": "_BOOTSTRAP.json: {   \"id\": \"LOCAL_TRINITY_HUB\",   \"context\": \"Central coordination hub for this computer. All termina",
  "source": "cyclotron_json",
  "tags": [
    "json",
    "indexed",
    "structure"
  ],
  "metadata": {
    "path": "C:/Users/dwrek/100X_DEPLOYMENT\\LOCAL_TRINITY_HUB\\_BOOTSTRAP.json",
    "file_type": "json",
    "indexed_at": "2025-11-24T04:40:25.144410"
  },
  "created": "2025-11-24T04:40:25.144412",
  "confidence": 0.75,
  "connections": []
}