{
  "id": "0386aa8761bc",
  "type": "interface",
  "content": "EMAIL_ANALYZER.html: <!DOCTYPE html> <html lang=\"en\"> <head>     <meta charset=\"UTF-8\">     <meta name=\"viewport\" content",
  "source": "cyclotron_html",
  "tags": [
    "html",
    "indexed",
    "ui"
  ],
  "metadata": {
    "path": "C:/Users/dwrek/100X_DEPLOYMENT\\EMAIL_ANALYZER.html",
    "file_type": "html",
    "indexed_at": "2025-11-24T04:40:25.097803"
  },
  "created": "2025-11-24T04:40:25.097807",
  "confidence": 0.75,
  "connections": []
}