{
  "id": "03ad7469b468",
  "type": "concept",
  "content": "AUTONOMOUS_DEPLOYMENT_PROTOCOL.md: # \u26a1 AUTONOMOUS DEPLOYMENT PROTOCOL  **Status**: Active Protocol **Purpose**: Deploy Trinity systems ",
  "source": "cyclotron_md",
  "tags": [
    "md",
    "indexed",
    "documentation"
  ],
  "metadata": {
    "path": "C:/Users/dwrek/.trinity\\AUTONOMOUS_DEPLOYMENT_PROTOCOL.md",
    "file_type": "md",
    "indexed_at": "2025-11-24T04:40:25.260499"
  },
  "created": "2025-11-24T04:40:25.260502",
  "confidence": 0.75,
  "connections": []
}