{
  "id": "03ae27e473ea",
  "type": "fact",
  "content": "\u26a1 10_YEAR_WORK_COMPLETE.txt: ============================================================ \ud83c\udf00 10-YEAR AUTONOMOUS WORK COMPLETE ====",
  "source": "cyclotron_txt",
  "tags": [
    "txt",
    "indexed"
  ],
  "metadata": {
    "path": "C:/Users/dwrek/Desktop\\ARCHIVE_NOV_22\\ARCHIVED_SESSIONS\\SESSION_2025_11_15\\STATUS_REPORTS\\\u26a1 10_YEAR_WORK_COMPLETE.txt",
    "file_type": "txt",
    "indexed_at": "2025-11-24T04:40:25.599786"
  },
  "created": "2025-11-24T04:40:25.599789",
  "confidence": 0.75,
  "connections": []
}