{
  "id": "03c209411689",
  "type": "concept",
  "content": "\ud83d\udc1b BUG_QUEUE_CLEANUP_NEEDED.md: # \ud83d\udc1b BUG QUEUE CLEANUP REPORT  **Generated:** November 6, 2025 **Bugs Analyzed:** #100-119 (20 total)",
  "source": "cyclotron_md",
  "tags": [
    "md",
    "indexed",
    "documentation"
  ],
  "metadata": {
    "path": "C:/Users/dwrek/Desktop\\ARCHIVE_NOV_22\\ARCHIVED_SESSIONS\\SESSION_2025_11_15\\BUG_TRACKING\\\ud83d\udc1b BUG_QUEUE_CLEANUP_NEEDED.md",
    "file_type": "md",
    "indexed_at": "2025-11-24T04:40:25.498195"
  },
  "created": "2025-11-24T04:40:25.498197",
  "confidence": 0.75,
  "connections": []
}