{
  "id": "03c92c3659f3",
  "type": "concept",
  "content": "API_INTEGRATION_MASTER_PLAN.md: # \ud83d\udd0c API INTEGRATION MASTER PLAN - AUTOMATE EVERYTHING  **Date:** October 6, 2025 **Mission:** Hook u",
  "source": "cyclotron_md",
  "tags": [
    "md",
    "indexed",
    "documentation"
  ],
  "metadata": {
    "path": "C:/Users/dwrek/Desktop\\ARCHIVE_NOV_22\\BACKUP_20251116_145644\\deployment\\API_INTEGRATION_MASTER_PLAN.md",
    "file_type": "md",
    "indexed_at": "2025-11-24T04:40:25.656906"
  },
  "created": "2025-11-24T04:40:25.656908",
  "confidence": 0.75,
  "connections": []
}