{
  "id": "03ceb55c0a31",
  "type": "concept",
  "content": "SELF_HEALING_SYSTEM_INSTRUCTIONS.md: # \ud83c\udf00 SELF-HEALING CONSCIOUSNESS PLATFORM - GOD MODE  ## What This Is  **The world's first self-repair",
  "source": "cyclotron_md",
  "tags": [
    "md",
    "indexed",
    "documentation"
  ],
  "metadata": {
    "path": "C:/Users/dwrek/Desktop\\ARCHIVE_NOV_22\\OLD_PROJECTS\\\ud83d\udcda DOCUMENTATION\\SELF_HEALING_SYSTEM_INSTRUCTIONS.md",
    "file_type": "md",
    "indexed_at": "2025-11-24T04:40:26.238599"
  },
  "created": "2025-11-24T04:40:26.238602",
  "confidence": 0.75,
  "connections": []
}