{
  "id": "03d464930d30",
  "type": "concept",
  "content": "SELF_HEALING_README.md: # \ud83d\udee1\ufe0f AUTONOMOUS SELF-HEALING SYSTEM  ## INDESTRUCTIBLE INFRASTRUCTURE GUARDIAN  Your infrastructure ",
  "source": "cyclotron_md",
  "tags": [
    "md",
    "indexed",
    "documentation"
  ],
  "metadata": {
    "path": "C:/Users/dwrek/Desktop\\ARCHIVE_NOV_22\\ARCHIVED_SESSIONS\\SESSION_2025_11_15\\GUIDES_DOCS\\SELF_HEALING_README.md",
    "file_type": "md",
    "indexed_at": "2025-11-24T04:40:25.513601"
  },
  "created": "2025-11-24T04:40:25.513603",
  "confidence": 0.75,
  "connections": []
}