{
  "id": "03de09314afd",
  "type": "data",
  "content": "PC1_OUTPUT_20251123_063559.json: {   \"computer\": \"PC1\",   \"timestamp\": \"2025-11-23T06:35:59.970249\",   \"terminal_count\": 1,   \"cloud_",
  "source": "cyclotron_json",
  "tags": [
    "json",
    "indexed",
    "structure"
  ],
  "metadata": {
    "path": "C:/Users/dwrek/100X_DEPLOYMENT\\LOCAL_TRINITY_HUB\\outbound\\PC1_OUTPUT_20251123_063559.json",
    "file_type": "json",
    "indexed_at": "2025-11-24T04:40:25.146004"
  },
  "created": "2025-11-24T04:40:25.146006",
  "confidence": 0.75,
  "connections": []
}