{
  "id": "03fc55407749",
  "type": "data",
  "content": "2e18b387e885.json: {   \"id\": \"2e18b387e885\",   \"content\": \"Trinity Doc: \\ud83c\\udf10 NETGEAR A8000 ROUTER SETUP\",   \"ty",
  "source": "cyclotron_json",
  "tags": [
    "json",
    "indexed",
    "structure"
  ],
  "metadata": {
    "path": "C:/Users/dwrek/.consciousness\\cyclotron_core\\atoms\\2e18b387e885.json",
    "file_type": "json",
    "indexed_at": "2025-11-24T04:40:25.196615"
  },
  "created": "2025-11-24T04:40:25.196617",
  "confidence": 0.75,
  "connections": []
}