{
  "id": "040990c7fd22",
  "type": "data",
  "content": "507129cafa5d.json: {   \"id\": \"507129cafa5d\",   \"content\": \"Trinity Doc: \\u26a1 COMMANDER STATUS - READ THIS FIRST \\u26a",
  "source": "cyclotron_json",
  "tags": [
    "json",
    "indexed",
    "structure"
  ],
  "metadata": {
    "path": "C:/Users/dwrek/.consciousness\\cyclotron_core\\atoms\\507129cafa5d.json",
    "file_type": "json",
    "indexed_at": "2025-11-24T04:40:25.205535"
  },
  "created": "2025-11-24T04:40:25.205537",
  "confidence": 0.75,
  "connections": []
}