{
  "id": "040bc4b40090",
  "type": "fact",
  "content": "requirements.txt: flask==3.1.2 flask-cors==6.0.1 anthropic requests ",
  "source": "cyclotron_txt",
  "tags": [
    "txt",
    "indexed"
  ],
  "metadata": {
    "path": "C:/Users/dwrek/Desktop\\ARCHIVE_NOV_22\\BACKUP_20251116_145644\\trinity\\requirements.txt",
    "file_type": "txt",
    "indexed_at": "2025-11-24T04:40:25.874930"
  },
  "created": "2025-11-24T04:40:25.874932",
  "confidence": 0.75,
  "connections": []
}