{
  "id": "0416907c9841",
  "type": "concept",
  "content": "\u26a1 DAY 4 AUTONOMOUS SESSION COMPLETE.md: # \u26a1 DAY 4 AUTONOMOUS SESSION COMPLETE - NOV 6, 2025  **Session Type:** Autonomous work - Legal Arsen",
  "source": "cyclotron_md",
  "tags": [
    "md",
    "indexed",
    "documentation"
  ],
  "metadata": {
    "path": "C:/Users/dwrek/Desktop\\ARCHIVE_NOV_22\\ARCHIVED_SESSIONS\\SESSION_2025_11_15\\STATUS_REPORTS\\\u26a1 DAY 4 AUTONOMOUS SESSION COMPLETE.md",
    "file_type": "md",
    "indexed_at": "2025-11-24T04:40:25.604257"
  },
  "created": "2025-11-24T04:40:25.604259",
  "confidence": 0.75,
  "connections": []
}