{
  "id": "041bcfc6c508",
  "type": "concept",
  "content": "MASTER_TODO_LIST_CONSOLIDATED.md: # \ud83c\udfaf MASTER TODO LIST - ALL TASKS CONSOLIDATED  **Created:** November 18, 2025 **Purpose:** Single so",
  "source": "cyclotron_md",
  "tags": [
    "md",
    "indexed",
    "documentation"
  ],
  "metadata": {
    "path": "C:/Users/dwrek/Desktop\\\ud83d\udcc2 MASTER_FILES\\MASTER_TODO_LIST_CONSOLIDATED.md",
    "file_type": "md",
    "indexed_at": "2025-11-24T04:40:26.330159"
  },
  "created": "2025-11-24T04:40:26.330161",
  "confidence": 0.75,
  "connections": []
}