{
  "id": "041f4caa4afc",
  "type": "concept",
  "content": "DAILY_CONTENT_SYSTEM_COMPLETE.md: # DAILY CONTENT SYSTEM - BUILD IN PUBLIC ## Morning Post + 5pm Live Scripts - Ready to Use  **Goal:*",
  "source": "cyclotron_md",
  "tags": [
    "md",
    "indexed",
    "documentation"
  ],
  "metadata": {
    "path": "C:/Users/dwrek/Desktop\\ARCHIVE_NOV_22\\OLD_PROJECTS\\\ud83d\udcda DOCUMENTATION\\DAILY_CONTENT_SYSTEM_COMPLETE.md",
    "file_type": "md",
    "indexed_at": "2025-11-24T04:40:26.233960"
  },
  "created": "2025-11-24T04:40:26.233963",
  "confidence": 0.75,
  "connections": []
}