{
  "id": "042757bb18e4",
  "type": "concept",
  "content": "WELCOME_FLOW_BLACK_SWAN_COMPLETE.md: # \ud83e\udda2 BLACK SWAN DISCOVERED: Welcome Flow System  ## **THE MISSING PIECE THAT CHANGES EVERYTHING**  **",
  "source": "cyclotron_md",
  "tags": [
    "md",
    "indexed",
    "documentation"
  ],
  "metadata": {
    "path": "C:/Users/dwrek/Desktop\\ARCHIVE_NOV_22\\BACKUP_20251116_145644\\deployment\\WELCOME_FLOW_BLACK_SWAN_COMPLETE.md",
    "file_type": "md",
    "indexed_at": "2025-11-24T04:40:25.809436"
  },
  "created": "2025-11-24T04:40:25.809439",
  "confidence": 0.75,
  "connections": []
}