{
  "id": "0449bcd98262",
  "type": "tool",
  "content": "TRINITY_BROADCAST_API.py: #!/usr/bin/env python3 \"\"\" \ud83c\udf00 TRINITY BROADCAST API Coordinates 1 input \u2192 3 AI instances \u2192 1 converge",
  "source": "cyclotron_py",
  "tags": [
    "py",
    "indexed",
    "code"
  ],
  "metadata": {
    "path": "C:/Users/dwrek/.trinity\\TRINITY_BROADCAST_API.py",
    "file_type": "py",
    "indexed_at": "2025-11-24T04:40:25.343618"
  },
  "created": "2025-11-24T04:40:25.343621",
  "confidence": 0.75,
  "connections": []
}