{
  "id": "04707c8c093d",
  "type": "interface",
  "content": "OVERKORE_MANIFESTATION_CHART.html: <!DOCTYPE html> <html lang=\"en\"> <head>     <meta charset=\"UTF-8\">     <meta name=\"viewport\" content",
  "source": "cyclotron_html",
  "tags": [
    "html",
    "indexed",
    "ui"
  ],
  "metadata": {
    "path": "C:/Users/dwrek/Desktop\\ARCHIVE_NOV_22\\OLD_PROJECTS\\_ORGANIZED\\\ud83e\udde0 Consciousness Systems\\OVERKORE_MANIFESTATION_CHART.html",
    "file_type": "html",
    "indexed_at": "2025-11-24T04:40:26.146560"
  },
  "created": "2025-11-24T04:40:26.146565",
  "confidence": 0.75,
  "connections": []
}