{
  "id": "04a533526e47",
  "type": "data",
  "content": "ARAYA_KNOWLEDGE_BASE.json: {   \"platform_context\": {     \"name\": \"Consciousness Revolution Platform\",     \"current_phase\": \"Bet",
  "source": "cyclotron_json",
  "tags": [
    "json",
    "indexed",
    "structure"
  ],
  "metadata": {
    "path": "C:/Users/dwrek/Desktop\\ARCHIVE_NOV_22\\BACKUP_20251116_145644\\deployment\\ARAYA_KNOWLEDGE_BASE.json",
    "file_type": "json",
    "indexed_at": "2025-11-24T04:40:25.661138"
  },
  "created": "2025-11-24T04:40:25.661140",
  "confidence": 0.75,
  "connections": []
}