{
  "id": "04ae96d54119",
  "type": "concept",
  "content": "SESSION_COMPLETE_FRAMEWORKS_TODO_LIST.md: # \ud83c\udf00 TODAY'S SESSION - COMPLETE FRAMEWORKS & TODO LIST  **Session Date**: November 5, 2025 **Duration",
  "source": "cyclotron_md",
  "tags": [
    "md",
    "indexed",
    "documentation"
  ],
  "metadata": {
    "path": "C:/Users/dwrek/.trinity\\SESSION_COMPLETE_FRAMEWORKS_TODO_LIST.md",
    "file_type": "md",
    "indexed_at": "2025-11-24T04:40:25.331788"
  },
  "created": "2025-11-24T04:40:25.331790",
  "confidence": 0.75,
  "connections": []
}