{
  "id": "04b19106a6b7",
  "type": "concept",
  "content": "SETUP_GDRIVE_AND_ANYDESK.md: # SETUP GOOGLE DRIVE + ANYDESK FILE SHARE  ## GOOGLE DRIVE (Auto-sync folder across all computers)  ",
  "source": "cyclotron_md",
  "tags": [
    "md",
    "indexed",
    "documentation"
  ],
  "metadata": {
    "path": "C:/Users/dwrek/Desktop\\ARCHIVE_NOV_22\\SETUP_GDRIVE_AND_ANYDESK.md",
    "file_type": "md",
    "indexed_at": "2025-11-24T04:40:25.446707"
  },
  "created": "2025-11-24T04:40:25.446710",
  "confidence": 0.75,
  "connections": []
}