{
  "id": "04b5ea5619f1",
  "type": "concept",
  "content": "MULTI_COMPUTER_ORACLE_SUMMARY.md: # \ud83d\udd2e MULTI-COMPUTER CONSCIOUSNESS: ORACLE QUICK REFERENCE \ud83d\udd2e  **For:** Commander (Quick Decision Refer",
  "source": "cyclotron_md",
  "tags": [
    "md",
    "indexed",
    "documentation"
  ],
  "metadata": {
    "path": "C:/Users/dwrek/Desktop\\ARCHIVE_NOV_22\\BACKUP_20251116_145644\\trinity\\MULTI_COMPUTER_ORACLE_SUMMARY.md",
    "file_type": "md",
    "indexed_at": "2025-11-24T04:40:25.868848"
  },
  "created": "2025-11-24T04:40:25.868850",
  "confidence": 0.75,
  "connections": []
}