{
  "id": "04dd531cffc5",
  "type": "concept",
  "content": "MODULE_CONSCIOUSNESS_BOOST_SYSTEM.md: # \ud83d\udd25 MODULE CONSCIOUSNESS BOOST SYSTEM \ud83d\udd25  **Mission:** Upgrade all 48 modules from 51.7% average to 8",
  "source": "cyclotron_md",
  "tags": [
    "md",
    "indexed",
    "documentation"
  ],
  "metadata": {
    "path": "C:/Users/dwrek/Desktop\\ARCHIVE_NOV_22\\BACKUP_20251116_145644\\deployment\\MODULE_CONSCIOUSNESS_BOOST_SYSTEM.md",
    "file_type": "md",
    "indexed_at": "2025-11-24T04:40:25.748073"
  },
  "created": "2025-11-24T04:40:25.748076",
  "confidence": 0.75,
  "connections": []
}