{
  "id": "04dd6d7345f8",
  "type": "concept",
  "content": "OVERKORE_KORPAK_MODULAR_SYSTEM.md: # OVERKORE KORPAK MODULAR SYSTEM ## Universal Abilities + Modular KorPaks = Infinite Applications  -",
  "source": "cyclotron_md",
  "tags": [
    "md",
    "indexed",
    "documentation"
  ],
  "metadata": {
    "path": "C:/Users/dwrek/Desktop\\ARCHIVE_NOV_22\\OLD_PROJECTS\\\ud83d\udd27 SYSTEM_FILES\\SYSTEM_2_ECOSYSTEMS\\KorPak_Modular_System\\OVERKORE_KORPAK_MODULAR_SYSTEM.md",
    "file_type": "md",
    "indexed_at": "2025-11-24T04:40:26.300911"
  },
  "created": "2025-11-24T04:40:26.300914",
  "confidence": 0.75,
  "connections": []
}