{
  "id": "04eb17e25bbe",
  "type": "tool",
  "content": "TRINITY_AUTO_INPUT.py: \"\"\" \ud83c\udfaf Trinity Auto-Input - Playwright automation to input commands into spawned Claude Code windows ",
  "source": "cyclotron_py",
  "tags": [
    "py",
    "indexed",
    "code"
  ],
  "metadata": {
    "path": "C:/Users/dwrek/.trinity\\TRINITY_AUTO_INPUT.py",
    "file_type": "py",
    "indexed_at": "2025-11-24T04:40:25.342034"
  },
  "created": "2025-11-24T04:40:25.342036",
  "confidence": 0.75,
  "connections": []
}