{
  "id": "04f899e45006",
  "type": "concept",
  "content": "ONE_COMMUNICATION_HUB.md: # THE ONE COMMUNICATION HUB  **EVERY COMPUTER REPORTS HERE. NO EXCEPTIONS.**  ---  ## THE ONE LOCATI",
  "source": "cyclotron_md",
  "tags": [
    "md",
    "indexed",
    "documentation"
  ],
  "metadata": {
    "path": "C:/Users/dwrek/Desktop\\\ud83d\udcc2 MASTER_FILES\\ONE_COMMUNICATION_HUB.md",
    "file_type": "md",
    "indexed_at": "2025-11-24T04:40:26.330413"
  },
  "created": "2025-11-24T04:40:26.330416",
  "confidence": 0.75,
  "connections": []
}