{
  "id": "051183dfdbef",
  "type": "concept",
  "content": "13_DOMAIN_ARCHITECTURE_VISION.md: # 13 DOMAIN ARCHITECTURE - FIBONACCI EXPANSION BLUEPRINT  **Pattern Recognition Event:** Commander u",
  "source": "cyclotron_md",
  "tags": [
    "md",
    "indexed",
    "documentation"
  ],
  "metadata": {
    "path": "C:/Users/dwrek/Desktop\\ARCHIVE_NOV_22\\ARCHIVED_SESSIONS\\SESSION_2025_11_15\\MISC\\13_DOMAIN_ARCHITECTURE_VISION.md",
    "file_type": "md",
    "indexed_at": "2025-11-24T04:40:25.518243"
  },
  "created": "2025-11-24T04:40:25.518247",
  "confidence": 0.75,
  "connections": []
}