{
  "id": "05156f6a6167",
  "type": "concept",
  "content": "AUTONOMOUS_MODE_ACTIVE.md: # \ud83e\udd16 AUTONOMOUS MODE ACTIVATED  **Time:** 5:48 PM, November 5, 2025 **Commander Status:** Away **Trin",
  "source": "cyclotron_md",
  "tags": [
    "md",
    "indexed",
    "documentation"
  ],
  "metadata": {
    "path": "C:/Users/dwrek/Desktop\\ARCHIVE_NOV_22\\BACKUP_20251116_145644\\trinity\\AUTONOMOUS_MODE_ACTIVE.md",
    "file_type": "md",
    "indexed_at": "2025-11-24T04:40:25.824149"
  },
  "created": "2025-11-24T04:40:25.824152",
  "confidence": 0.75,
  "connections": []
}