{
  "id": "05244ddfc39b",
  "type": "fact",
  "content": "SEND_THIS_URL_TO_JOSHUA_AND_JOSH.txt: \u2550\u2550\u2550\u2550\u2550\u2550\u2550\u2550\u2550\u2550\u2550\u2550\u2550\u2550\u2550\u2550\u2550\u2550\u2550\u2550\u2550\u2550\u2550\u2550\u2550\u2550\u2550\u2550\u2550\u2550\u2550\u2550\u2550\u2550\u2550\u2550\u2550\u2550\u2550\u2550\u2550\u2550\u2550\u2550\u2550\u2550\u2550\u2550\u2550\u2550\u2550\u2550\u2550\u2550\u2550\u2550\u2550\u2550\u2550\u2550\u2550\u2550\u2550 \u2705 YOUR PUBLIC FILE SHARING URL (ACTI",
  "source": "cyclotron_txt",
  "tags": [
    "txt",
    "indexed"
  ],
  "metadata": {
    "path": "C:/Users/dwrek/Desktop\\ARCHIVE_NOV_22\\ARCHIVED_INSTRUCTIONS\\SEND_THIS_URL_TO_JOSHUA_AND_JOSH.txt",
    "file_type": "txt",
    "indexed_at": "2025-11-24T04:40:25.472863"
  },
  "created": "2025-11-24T04:40:25.472867",
  "confidence": 0.75,
  "connections": []
}