{
  "id": "052c8dbdf082",
  "type": "concept",
  "content": "OVERKORE_INTEGRATION_PLAN.md: # \ud83d\ude80 OVERKORE SOCIAL - INTEGRATION MASTER PLAN \ud83d\ude80  ## WHAT WE HAVE (Downloaded & Ready)  ### 1. **Node",
  "source": "cyclotron_md",
  "tags": [
    "md",
    "indexed",
    "documentation"
  ],
  "metadata": {
    "path": "C:/Users/dwrek/Desktop\\ARCHIVE_NOV_22\\OLD_PROJECTS\\_ORGANIZED\\\ud83e\udde0 Consciousness Systems\\OVERKORE_INTEGRATION_PLAN.md",
    "file_type": "md",
    "indexed_at": "2025-11-24T04:40:26.145019"
  },
  "created": "2025-11-24T04:40:26.145022",
  "confidence": 0.75,
  "connections": []
}