{
  "id": "0541ecf47e11",
  "type": "concept",
  "content": "WORKSPACE_V2_UPGRADE_SUMMARY.md: # \ud83d\ude80 WORKSPACE V2 - COMPLETE UPGRADE SUMMARY  ## What We Fixed (Based on Toby's Bug Reports):  ### \u274c ",
  "source": "cyclotron_md",
  "tags": [
    "md",
    "indexed",
    "documentation"
  ],
  "metadata": {
    "path": "C:/Users/dwrek/Desktop\\ARCHIVE_NOV_22\\BACKUP_20251116_145644\\deployment\\WORKSPACE_V2_UPGRADE_SUMMARY.md",
    "file_type": "md",
    "indexed_at": "2025-11-24T04:40:25.813105"
  },
  "created": "2025-11-24T04:40:25.813108",
  "confidence": 0.75,
  "connections": []
}