{
  "id": "05433ba6e7b0",
  "type": "data",
  "content": "306186af880b.json: {   \"id\": \"306186af880b\",   \"content\": \"Trinity Doc: \\ud83c\\udfd7\\ufe0f AUTONOMOUS INFRASTRUCTURE AR",
  "source": "cyclotron_json",
  "tags": [
    "json",
    "indexed",
    "structure"
  ],
  "metadata": {
    "path": "C:/Users/dwrek/.consciousness\\cyclotron_core\\atoms\\306186af880b.json",
    "file_type": "json",
    "indexed_at": "2025-11-24T04:40:25.197112"
  },
  "created": "2025-11-24T04:40:25.197113",
  "confidence": 0.75,
  "connections": []
}