{
  "id": "05518501b7ed",
  "type": "data",
  "content": "r3_push_to_90_results.json: {   \"timestamp\": \"2025-11-23 22:37:12\",   \"final_score\": 68.4,   \"scores\": [     35.8,     50.0,    ",
  "source": "cyclotron_json",
  "tags": [
    "json",
    "indexed",
    "structure"
  ],
  "metadata": {
    "path": "C:/Users/dwrek/.trinity\\r3_push_to_90_results.json",
    "file_type": "json",
    "indexed_at": "2025-11-24T04:40:25.325292"
  },
  "created": "2025-11-24T04:40:25.325294",
  "confidence": 0.75,
  "connections": []
}