{
  "id": "05700c44c32d",
  "type": "concept",
  "content": "INTELLIGENT_TERMINAL_GUIDE.md: # \ud83e\udd16 INTELLIGENT TERMINAL - USER GUIDE  ## What Is This?  An AI-powered debug console that understand",
  "source": "cyclotron_md",
  "tags": [
    "md",
    "indexed",
    "documentation"
  ],
  "metadata": {
    "path": "C:/Users/dwrek/Desktop\\ARCHIVE_NOV_22\\BACKUP_20251116_145644\\deployment\\INTELLIGENT_TERMINAL_GUIDE.md",
    "file_type": "md",
    "indexed_at": "2025-11-24T04:40:25.738111"
  },
  "created": "2025-11-24T04:40:25.738113",
  "confidence": 0.75,
  "connections": []
}