{
  "id": "05732fc47a22",
  "type": "concept",
  "content": "S24_OFFLINE_AI_SETUP.md: # \ud83d\udcf1 S24 OFFLINE AI SETUP - No Internet Required  **Run full AI model ON your phone - completely offl",
  "source": "cyclotron_md",
  "tags": [
    "md",
    "indexed",
    "documentation"
  ],
  "metadata": {
    "path": "C:/Users/dwrek/Desktop\\ARCHIVE_NOV_22\\ARCHIVED_SESSIONS\\SESSION_2025_11_15\\MISC\\S24_OFFLINE_AI_SETUP.md",
    "file_type": "md",
    "indexed_at": "2025-11-24T04:40:25.552103"
  },
  "created": "2025-11-24T04:40:25.552105",
  "confidence": 0.75,
  "connections": []
}