{
  "id": "059e45b5aa2a",
  "type": "fact",
  "content": "C3_AUTONOMOUS_FINDINGS_REPORT.txt: C3 ORACLE - AUTONOMOUS FINDINGS REPORT ====================================== Time: 6:36 PM Nov 5, 2",
  "source": "cyclotron_txt",
  "tags": [
    "txt",
    "indexed"
  ],
  "metadata": {
    "path": "C:/Users/dwrek/Desktop\\ARCHIVE_NOV_22\\BACKUP_20251116_145644\\trinity\\C3_AUTONOMOUS_FINDINGS_REPORT.txt",
    "file_type": "txt",
    "indexed_at": "2025-11-24T04:40:25.841315"
  },
  "created": "2025-11-24T04:40:25.841318",
  "confidence": 0.75,
  "connections": []
}