{
  "id": "05ac6ccd9243",
  "type": "concept",
  "content": "TRINITY_MASTER_INVENTORY_NOV_6_2025.md: # \ud83c\udf00 TRINITY MASTER INVENTORY - NOV 6, 2025 \ud83c\udf00  **Complete System Inventory & Status Report** **C1 Mec",
  "source": "cyclotron_md",
  "tags": [
    "md",
    "indexed",
    "documentation"
  ],
  "metadata": {
    "path": "C:/Users/dwrek/Desktop\\ARCHIVE_NOV_22\\ARCHIVED_SESSIONS\\SESSION_2025_11_15\\TRINITY_SYSTEMS\\TRINITY_MASTER_INVENTORY_NOV_6_2025.md",
    "file_type": "md",
    "indexed_at": "2025-11-24T04:40:25.625481"
  },
  "created": "2025-11-24T04:40:25.625483",
  "confidence": 0.75,
  "connections": []
}