{
  "id": "05c43f90d8d0",
  "type": "fact",
  "content": "useHeaderScrollAnim.js: import { Animated } from \"react-native\";  const useHeaderScrollAnim = (headerHeight) => {   const sc",
  "source": "cyclotron_js",
  "tags": [
    "js",
    "indexed"
  ],
  "metadata": {
    "path": "C:/Users/dwrek/Desktop\\ARCHIVE_NOV_22\\OLD_PROJECTS\\INSTAGRAM_FULL_FEATURES\\src\\utils\\useHeaderScrollAnim.js",
    "file_type": "js",
    "indexed_at": "2025-11-24T04:40:25.979350"
  },
  "created": "2025-11-24T04:40:25.979353",
  "confidence": 0.75,
  "connections": []
}