{
  "id": "05d28ad9a89b",
  "type": "concept",
  "content": "C2_CYCLOTRON_EXECUTIVE_SUMMARY.md: # C2 CYCLOTRON ARCHITECTURE - EXECUTIVE SUMMARY  **For:** Commander **From:** C2 Architect - The Min",
  "source": "cyclotron_md",
  "tags": [
    "md",
    "indexed",
    "documentation"
  ],
  "metadata": {
    "path": "C:/Users/dwrek/Desktop\\ARCHIVE_NOV_22\\BACKUP_20251116_145644\\deployment\\C2_CYCLOTRON_EXECUTIVE_SUMMARY.md",
    "file_type": "md",
    "indexed_at": "2025-11-24T04:40:25.685660"
  },
  "created": "2025-11-24T04:40:25.685664",
  "confidence": 0.75,
  "connections": []
}