{
  "id": "061afbcf83b4",
  "type": "data",
  "content": "e995d9d3d46a.json: {   \"id\": \"e995d9d3d46a\",   \"content\": \"Trinity Doc: \\ud83d\\udd27 AUTONOMOUS BUILD SESSION - C1 MECH",
  "source": "cyclotron_json",
  "tags": [
    "json",
    "indexed",
    "structure"
  ],
  "metadata": {
    "path": "C:/Users/dwrek/.consciousness\\cyclotron_core\\atoms\\e995d9d3d46a.json",
    "file_type": "json",
    "indexed_at": "2025-11-24T04:40:25.245354"
  },
  "created": "2025-11-24T04:40:25.245356",
  "confidence": 0.75,
  "connections": []
}