{
  "id": "062ee04ffc2a",
  "type": "tool",
  "content": "CREATE_WATCHING_YOU_VIDEO.py: #!/usr/bin/env python3 \"\"\" \ud83c\udfac \"I'M WATCHING YOU\" VIDEO GENERATOR Creates Matrix-style code showcase v",
  "source": "cyclotron_py",
  "tags": [
    "py",
    "indexed",
    "code"
  ],
  "metadata": {
    "path": "C:/Users/dwrek/Desktop\\ARCHIVE_NOV_22\\OLD_PROJECTS\\\u2705 COMPLETED_WORK\\_ORGANIZED_FILES\\Scripts\\CREATE_WATCHING_YOU_VIDEO.py",
    "file_type": "py",
    "indexed_at": "2025-11-24T04:40:26.213406"
  },
  "created": "2025-11-24T04:40:26.213410",
  "confidence": 0.75,
  "connections": []
}