{
  "id": "063566d1b93b",
  "type": "concept",
  "content": "ARCHITECTURE.md: # consciousness-revolution Architecture  > **Technical architecture documentation for the multi-comp",
  "source": "cyclotron_md",
  "tags": [
    "md",
    "indexed",
    "documentation"
  ],
  "metadata": {
    "path": "C:/Users/dwrek/100X_DEPLOYMENT\\ARCHITECTURE.md",
    "file_type": "md",
    "indexed_at": "2025-11-24T04:40:25.079141"
  },
  "created": "2025-11-24T04:40:25.079143",
  "confidence": 0.75,
  "connections": []
}