{
  "id": "063664607882",
  "type": "concept",
  "content": "HUB_REPORT_STANDARD.md: # HUB REPORT STANDARD  ## THE RULE Every terminal reports to hub in the **exact same format**. Two r",
  "source": "cyclotron_md",
  "tags": [
    "md",
    "indexed",
    "documentation"
  ],
  "metadata": {
    "path": "C:/Users/dwrek/LOCAL_TRINITY_HUB\\protocols\\HUB_REPORT_STANDARD.md",
    "file_type": "md",
    "indexed_at": "2025-11-24T04:40:25.417449"
  },
  "created": "2025-11-24T04:40:25.417451",
  "confidence": 0.75,
  "connections": []
}