{
  "id": "064d8e4f0dfe",
  "type": "data",
  "content": "f0f26f91591f.json: {   \"id\": \"f0f26f91591f\",   \"content\": \"Decision: Use K\\u00f9zu for embedded graph database\",   \"typ",
  "source": "cyclotron_json",
  "tags": [
    "json",
    "indexed",
    "structure"
  ],
  "metadata": {
    "path": "C:/Users/dwrek/.consciousness\\cyclotron_core\\atoms\\f0f26f91591f.json",
    "file_type": "json",
    "indexed_at": "2025-11-24T04:40:25.249067"
  },
  "created": "2025-11-24T04:40:25.249069",
  "confidence": 0.75,
  "connections": []
}