{
  "id": "065d74d0586d",
  "type": "fact",
  "content": "\ud83d\udccb JOSH - COPY THIS KEY NOW.txt: \ud83d\udccb JOSH - COPY THIS INTO ENVIRONMENT VARIABLE \ud83d\udccb  You're at: \"New User Variable\" window  DO THIS: \u2500\u2500\u2500\u2500",
  "source": "cyclotron_txt",
  "tags": [
    "txt",
    "indexed"
  ],
  "metadata": {
    "path": "C:/Users/dwrek/Desktop\\ARCHIVE_NOV_22\\ARCHIVED_INSTRUCTIONS\\\ud83d\udccb JOSH - COPY THIS KEY NOW.txt",
    "file_type": "txt",
    "indexed_at": "2025-11-24T04:40:25.488856"
  },
  "created": "2025-11-24T04:40:25.488859",
  "confidence": 0.75,
  "connections": []
}