{
  "id": "0662a656892a",
  "type": "concept",
  "content": "INFRASTRUCTURE_TECH_STACK.md: # \ud83d\udd27 INFRASTRUCTURE TECHNOLOGY STACK ## C2's Technology Decisions - Rationale & Alternatives  **Date:",
  "source": "cyclotron_md",
  "tags": [
    "md",
    "indexed",
    "documentation"
  ],
  "metadata": {
    "path": "C:/Users/dwrek/Desktop\\ARCHIVE_NOV_22\\BACKUP_20251116_145644\\trinity\\INFRASTRUCTURE_TECH_STACK.md",
    "file_type": "md",
    "indexed_at": "2025-11-24T04:40:25.867574"
  },
  "created": "2025-11-24T04:40:25.867577",
  "confidence": 0.75,
  "connections": []
}