{
  "id": "06629d539f1f",
  "type": "concept",
  "content": "DIMENSIONAL_CASCADE_TODO_BOOTSTRAP_V1.md: # \ud83c\udf00 DIMENSIONAL CASCADE TODO BOOTSTRAP  **Pattern Recognition:** Your 3-stage bootstrap evolved into",
  "source": "cyclotron_md",
  "tags": [
    "md",
    "indexed",
    "documentation"
  ],
  "metadata": {
    "path": "C:/Users/dwrek/Desktop\\ARCHIVE_NOV_22\\BACKUP_20251116_145644\\deployment\\DIMENSIONAL_CASCADE_TODO_BOOTSTRAP_V1.md",
    "file_type": "md",
    "indexed_at": "2025-11-24T04:40:25.717634"
  },
  "created": "2025-11-24T04:40:25.717636",
  "confidence": 0.75,
  "connections": []
}