{
  "id": "06751c860f33",
  "type": "data",
  "content": "active_projects.json: {   \"consciousness_revolution_infrastructure\": {     \"status\": \"Active\",     \"last_updated\": \"2025-1",
  "source": "cyclotron_json",
  "tags": [
    "json",
    "indexed",
    "structure"
  ],
  "metadata": {
    "path": "C:/Users/dwrek/.consciousness\\brain\\active_projects.json",
    "file_type": "json",
    "indexed_at": "2025-11-24T04:40:25.172323"
  },
  "created": "2025-11-24T04:40:25.172325",
  "confidence": 0.75,
  "connections": []
}