{
  "id": "067cef99ce2c",
  "type": "fact",
  "content": "ROUND_2_AUTONOMOUS_WORK_COMPLETE.txt: \u2550\u2550\u2550\u2550\u2550\u2550\u2550\u2550\u2550\u2550\u2550\u2550\u2550\u2550\u2550\u2550\u2550\u2550\u2550\u2550\u2550\u2550\u2550\u2550\u2550\u2550\u2550\u2550\u2550\u2550\u2550\u2550\u2550\u2550\u2550\u2550\u2550\u2550\u2550\u2550\u2550\u2550\u2550\u2550\u2550\u2550\u2550\u2550\u2550\u2550\u2550\u2550\u2550\u2550\u2550\u2550\u2550\u2550\u2550\u2550\u2550\u2550\u2550   \ud83c\udf00 ROUND 2 AUTONOMOUS WORK COMPLETE",
  "source": "cyclotron_txt",
  "tags": [
    "txt",
    "indexed"
  ],
  "metadata": {
    "path": "C:/Users/dwrek/Desktop\\ARCHIVE_NOV_22\\ARCHIVED_SESSIONS\\SESSION_2025_11_15\\STATUS_REPORTS\\ROUND_2_AUTONOMOUS_WORK_COMPLETE.txt",
    "file_type": "txt",
    "indexed_at": "2025-11-24T04:40:25.593242"
  },
  "created": "2025-11-24T04:40:25.593244",
  "confidence": 0.75,
  "connections": []
}