{
  "id": "069215957995",
  "type": "data",
  "content": "707dd62cd3c2.json: {   \"id\": \"707dd62cd3c2\",   \"content\": \"Doc: STANDARDIZED COMPUTER BLUEPRINT\",   \"type\": \"insight\", ",
  "source": "cyclotron_json",
  "tags": [
    "json",
    "indexed",
    "structure"
  ],
  "metadata": {
    "path": "C:/Users/dwrek/.consciousness\\cyclotron_core\\atoms\\707dd62cd3c2.json",
    "file_type": "json",
    "indexed_at": "2025-11-24T04:40:25.215179"
  },
  "created": "2025-11-24T04:40:25.215181",
  "confidence": 0.75,
  "connections": []
}