{
  "id": "0699383bf080",
  "type": "concept",
  "content": "GRAPHRAG_INTEGRATION_SPEC.md: # GRAPHRAG INTEGRATION SPECIFICATION  ## Overview  This specification defines how to integrate Graph",
  "source": "cyclotron_md",
  "tags": [
    "md",
    "indexed",
    "documentation"
  ],
  "metadata": {
    "path": "C:/Users/dwrek/100X_DEPLOYMENT\\LOCAL_TRINITY_HUB\\protocols\\GRAPHRAG_INTEGRATION_SPEC.md",
    "file_type": "md",
    "indexed_at": "2025-11-24T04:40:25.148364"
  },
  "created": "2025-11-24T04:40:25.148366",
  "confidence": 0.75,
  "connections": []
}