{
  "id": "06ac682866a8",
  "type": "data",
  "content": "ddea960f2e81.json: {   \"id\": \"ddea960f2e81\",   \"content\": \"Rock: Launch beta monetization (first paying customer) - Sta",
  "source": "cyclotron_json",
  "tags": [
    "json",
    "indexed",
    "structure"
  ],
  "metadata": {
    "path": "C:/Users/dwrek/.consciousness\\cyclotron_core\\atoms\\ddea960f2e81.json",
    "file_type": "json",
    "indexed_at": "2025-11-24T04:40:25.242701"
  },
  "created": "2025-11-24T04:40:25.242704",
  "confidence": 0.75,
  "connections": []
}