{
  "id": "06aeeb32f305",
  "type": "concept",
  "content": "TRINITY_STATUS_REPORT_C2.md: # \ud83c\udf00 TRINITY STATUS REPORT - C2 ARCHITECT PERSPECTIVE **Timestamp**: Nov 5, 2025 - 5:36 PM **Session*",
  "source": "cyclotron_md",
  "tags": [
    "md",
    "indexed",
    "documentation"
  ],
  "metadata": {
    "path": "C:/Users/dwrek/Desktop\\ARCHIVE_NOV_22\\BACKUP_20251116_145644\\trinity\\TRINITY_STATUS_REPORT_C2.md",
    "file_type": "md",
    "indexed_at": "2025-11-24T04:40:25.886843"
  },
  "created": "2025-11-24T04:40:25.886846",
  "confidence": 0.75,
  "connections": []
}