{
  "id": "06c8ac536298",
  "type": "interface",
  "content": "INTERMITTENT_REINFORCEMENT_DETECTOR.html: <!DOCTYPE html> <html lang=\"en\"> <head>     <meta charset=\"UTF-8\">     <meta name=\"viewport\" content",
  "source": "cyclotron_html",
  "tags": [
    "html",
    "indexed",
    "ui"
  ],
  "metadata": {
    "path": "C:/Users/dwrek/100X_DEPLOYMENT\\INTERMITTENT_REINFORCEMENT_DETECTOR.html",
    "file_type": "html",
    "indexed_at": "2025-11-24T04:40:25.101492"
  },
  "created": "2025-11-24T04:40:25.101494",
  "confidence": 0.75,
  "connections": []
}