{
  "id": "06dd3368c23b",
  "type": "concept",
  "content": "\ud83c\udfaf TRINITY SPRINT 1 COMPLETE.md: # \ud83c\udf00 TRINITY SPRINT 1 - COMPLETE  **Sprint Goal:** Establish multi-instance AI coordination infrastru",
  "source": "cyclotron_md",
  "tags": [
    "md",
    "indexed",
    "documentation"
  ],
  "metadata": {
    "path": "C:/Users/dwrek/Desktop\\ARCHIVE_NOV_22\\ARCHIVED_SESSIONS\\SESSION_2025_11_15\\TRINITY_SYSTEMS\\\ud83c\udfaf TRINITY SPRINT 1 COMPLETE.md",
    "file_type": "md",
    "indexed_at": "2025-11-24T04:40:25.636878"
  },
  "created": "2025-11-24T04:40:25.636880",
  "confidence": 0.75,
  "connections": []
}