{
  "id": "06f3b316686c",
  "type": "fact",
  "content": "\u26a1 RAILWAY_DEPLOYMENT_NEXT_STEPS.txt: \u2550\u2550\u2550\u2550\u2550\u2550\u2550\u2550\u2550\u2550\u2550\u2550\u2550\u2550\u2550\u2550\u2550\u2550\u2550\u2550\u2550\u2550\u2550\u2550\u2550\u2550\u2550\u2550\u2550\u2550\u2550\u2550\u2550\u2550\u2550\u2550\u2550\u2550\u2550\u2550\u2550\u2550\u2550\u2550\u2550\u2550\u2550\u2550\u2550\u2550\u2550\u2550\u2550\u2550\u2550\u2550\u2550\u2550\u2550 \u26a1 RAILWAY DEPLOYMENT - MANUAL STEP NEEDE",
  "source": "cyclotron_txt",
  "tags": [
    "txt",
    "indexed"
  ],
  "metadata": {
    "path": "C:/Users/dwrek/Desktop\\ARCHIVE_NOV_22\\ARCHIVED_SESSIONS\\SESSION_2025_11_15\\DEPLOYMENTS\\\u26a1 RAILWAY_DEPLOYMENT_NEXT_STEPS.txt",
    "file_type": "txt",
    "indexed_at": "2025-11-24T04:40:25.507108"
  },
  "created": "2025-11-24T04:40:25.507110",
  "confidence": 0.75,
  "connections": []
}