{
  "id": "06fbd36f9729",
  "type": "concept",
  "content": "PASSWORD_MANAGER_BATTLE_EXPLAINED.md: # \ud83d\udd10 PASSWORD MANAGER BATTLE: Why 1Password Doesn't Auto-Detect  ## THE QUESTION  **You noticed:** - ",
  "source": "cyclotron_md",
  "tags": [
    "md",
    "indexed",
    "documentation"
  ],
  "metadata": {
    "path": "C:/Users/dwrek/Desktop\\ARCHIVE_NOV_22\\BACKUP_20251116_145644\\deployment\\PASSWORD_MANAGER_BATTLE_EXPLAINED.md",
    "file_type": "md",
    "indexed_at": "2025-11-24T04:40:25.756538"
  },
  "created": "2025-11-24T04:40:25.756541",
  "confidence": 0.75,
  "connections": []
}