{
  "id": "070f592adecb",
  "type": "concept",
  "content": "MASTER_INDEX.md: # \ud83c\udf05 MORNING SESSION - OCTOBER 13, 2025 - MASTER INDEX \ud83c\udf05  **Session Duration:** ~3 hours **Status:** ",
  "source": "cyclotron_md",
  "tags": [
    "md",
    "indexed",
    "documentation"
  ],
  "metadata": {
    "path": "C:/Users/dwrek/Desktop\\ARCHIVE_NOV_22\\OLD_PROJECTS\\MORNING_SESSION_OCT_13_COMPLETE\\MASTER_INDEX.md",
    "file_type": "md",
    "indexed_at": "2025-11-24T04:40:25.988287"
  },
  "created": "2025-11-24T04:40:25.988290",
  "confidence": 0.75,
  "connections": []
}