{
  "id": "074d0f8eb39b",
  "type": "data",
  "content": "FIGURE_8_COORDINATION_LOG.json: {   \"total_cycles\": 10642,   \"current_pattern\": \"C3\\u2192C2\\u2192C1\",   \"latest_consensus\": 100.0,  ",
  "source": "cyclotron_json",
  "tags": [
    "json",
    "indexed",
    "structure"
  ],
  "metadata": {
    "path": "C:/Users/dwrek/Desktop\\ARCHIVE_NOV_22\\BACKUP_20251116_145644\\trinity\\FIGURE_8_COORDINATION_LOG.json",
    "file_type": "json",
    "indexed_at": "2025-11-24T04:40:25.865019"
  },
  "created": "2025-11-24T04:40:25.865022",
  "confidence": 0.75,
  "connections": []
}