{
  "id": "075a3a5315f4",
  "type": "tool",
  "content": "SCORECARD_AUTOMATION.py: #!/usr/bin/env python3 \"\"\" SCORECARD AUTOMATION - Automated Weekly Metrics Collection C1 Rock: Build",
  "source": "cyclotron_py",
  "tags": [
    "py",
    "indexed",
    "code"
  ],
  "metadata": {
    "path": "C:/Users/dwrek/.consciousness\\SCORECARD_AUTOMATION.py",
    "file_type": "py",
    "indexed_at": "2025-11-24T04:40:25.168200"
  },
  "created": "2025-11-24T04:40:25.168202",
  "confidence": 0.75,
  "connections": []
}