{
  "id": "0767f51ceddb",
  "type": "data",
  "content": "10_MILE_AUTONOMOUS_BUILD_CHECKLIST.json: {   \"metadata\": {     \"generated\": \"2025-10-03T12:30:48.944147\",     \"total_tasks\": 70,     \"estimat",
  "source": "cyclotron_json",
  "tags": [
    "json",
    "indexed",
    "structure"
  ],
  "metadata": {
    "path": "C:/Users/dwrek/Desktop\\ARCHIVE_NOV_22\\OLD_PROJECTS\\\ud83d\udd27 SYSTEM_FILES\\SYSTEM_3_META_CONSCIOUSNESS\\10_MILE_AUTONOMOUS_BUILD_CHECKLIST.json",
    "file_type": "json",
    "indexed_at": "2025-11-24T04:40:26.302238"
  },
  "created": "2025-11-24T04:40:26.302240",
  "confidence": 0.75,
  "connections": []
}