{
  "id": "0781f443aeb4",
  "type": "concept",
  "content": "BETA_EMAIL_QUICK_VERSION.md: # \ud83c\udf00 CONSCIOUSNESS REVOLUTION - BETA ACCESS NOW LIVE  **Subject:** Your Beta Access is Ready - Everyt",
  "source": "cyclotron_md",
  "tags": [
    "md",
    "indexed",
    "documentation"
  ],
  "metadata": {
    "path": "C:/Users/dwrek/Desktop\\ARCHIVE_NOV_22\\ARCHIVED_INSTRUCTIONS\\BETA_EMAIL_QUICK_VERSION.md",
    "file_type": "md",
    "indexed_at": "2025-11-24T04:40:25.459655"
  },
  "created": "2025-11-24T04:40:25.459657",
  "confidence": 0.75,
  "connections": []
}