{
  "id": "0785d3a2dd82",
  "type": "interface",
  "content": "TRINITY_MASTER_OVERSIGHT_MONITOR.html: <!DOCTYPE html> <html lang=\"en\"> <head>     <meta charset=\"UTF-8\">     <meta name=\"viewport\" content",
  "source": "cyclotron_html",
  "tags": [
    "html",
    "indexed",
    "ui"
  ],
  "metadata": {
    "path": "C:/Users/dwrek/.trinity\\TRINITY_MASTER_OVERSIGHT_MONITOR.html",
    "file_type": "html",
    "indexed_at": "2025-11-24T04:40:25.352321"
  },
  "created": "2025-11-24T04:40:25.352324",
  "confidence": 0.75,
  "connections": []
}