{
  "id": "079400922f72",
  "type": "fact",
  "content": "shillbot.js: var rp = require('request-promise'); const mongoose = require('mongoose'); const dotenv = require('d",
  "source": "cyclotron_js",
  "tags": [
    "js",
    "indexed"
  ],
  "metadata": {
    "path": "C:/Users/dwrek/Desktop\\ARCHIVE_NOV_22\\OLD_PROJECTS\\OVERKORE_VIDEO_PLATFORM\\scripts\\shared\\shillbot.js",
    "file_type": "js",
    "indexed_at": "2025-11-24T04:40:26.067088"
  },
  "created": "2025-11-24T04:40:26.067091",
  "confidence": 0.75,
  "connections": []
}