{
  "id": "079b0e75ff99",
  "type": "concept",
  "content": "AUTONOMOUS_SESSION_COMPLETE_CRYPTO_BOOK.md: # \ud83c\udfc6 AUTONOMOUS SESSION COMPLETE: CRYPTO COIN CREATION BOOK  **Session Date:** November 8, 2025 **Ses",
  "source": "cyclotron_md",
  "tags": [
    "md",
    "indexed",
    "documentation"
  ],
  "metadata": {
    "path": "C:/Users/dwrek/Desktop\\ARCHIVE_NOV_22\\BACKUP_20251116_145644\\deployment\\AUTONOMOUS_SESSION_COMPLETE_CRYPTO_BOOK.md",
    "file_type": "md",
    "indexed_at": "2025-11-24T04:40:25.669488"
  },
  "created": "2025-11-24T04:40:25.669491",
  "confidence": 0.75,
  "connections": []
}