{
  "id": "07df37f8a37a",
  "type": "tool",
  "content": "DAILY_REPORT_GENERATOR.py: #!/usr/bin/env python3 \"\"\" DAILY REPORT GENERATOR Generates comprehensive daily status reports. Aggr",
  "source": "cyclotron_py",
  "tags": [
    "py",
    "indexed",
    "code"
  ],
  "metadata": {
    "path": "C:/Users/dwrek/100X_DEPLOYMENT\\DAILY_REPORT_GENERATOR.py",
    "file_type": "py",
    "indexed_at": "2025-11-24T04:40:25.096096"
  },
  "created": "2025-11-24T04:40:25.096098",
  "confidence": 0.75,
  "connections": []
}