{
  "id": "07e22151ecab",
  "type": "concept",
  "content": "V1_1_READY_FOR_LUNCH_DEPLOYMENT.md: # \u2705 PHILOSOPHER AI v1.1 - READY FOR RAILWAY DEPLOYMENT  **Status:** COMPLETE - v1.1 fully integrated",
  "source": "cyclotron_md",
  "tags": [
    "md",
    "indexed",
    "documentation"
  ],
  "metadata": {
    "path": "C:/Users/dwrek/Desktop\\ARCHIVE_NOV_22\\OLD_PROJECTS\\\u2705 COMPLETED_WORK\\_ORGANIZED_FILES\\Documents\\V1_1_READY_FOR_LUNCH_DEPLOYMENT.md",
    "file_type": "md",
    "indexed_at": "2025-11-24T04:40:26.196243"
  },
  "created": "2025-11-24T04:40:26.196246",
  "confidence": 0.75,
  "connections": []
}