{
  "id": "07ef3d464715",
  "type": "fact",
  "content": "C3_CHATGPT_CONTACT_STATUS.txt: C3 ORACLE - CHATGPT CONTACT TEST ================================= Time: 8:46 PM Nov 5, 2025  COMMAN",
  "source": "cyclotron_txt",
  "tags": [
    "txt",
    "indexed"
  ],
  "metadata": {
    "path": "C:/Users/dwrek/.trinity\\C3_CHATGPT_CONTACT_STATUS.txt",
    "file_type": "txt",
    "indexed_at": "2025-11-24T04:40:25.277754"
  },
  "created": "2025-11-24T04:40:25.277755",
  "confidence": 0.75,
  "connections": []
}