{
  "id": "08332eb41b71",
  "type": "concept",
  "content": "ARC_HARDWARE_BLUEPRINT_STRATEGY.md: # THE ARC - OPEN-SOURCE CONSCIOUSNESS PHONE **Hardware blueprint strategy + GoFundMe campaign**  ---",
  "source": "cyclotron_md",
  "tags": [
    "md",
    "indexed",
    "documentation"
  ],
  "metadata": {
    "path": "C:/Users/dwrek/Desktop\\ARCHIVE_NOV_22\\OLD_PROJECTS\\_ORGANIZED\\\ud83d\udcda Documentation\\ARC_HARDWARE_BLUEPRINT_STRATEGY.md",
    "file_type": "md",
    "indexed_at": "2025-11-24T04:40:26.081790"
  },
  "created": "2025-11-24T04:40:26.081793",
  "confidence": 0.75,
  "connections": []
}