{
  "id": "085a39cfb834",
  "type": "interface",
  "content": "TRUTH_SIGNAL_FINDER.html: <!DOCTYPE html> <html lang=\"en\"> <head>     <meta charset=\"UTF-8\">     <meta name=\"viewport\" content",
  "source": "cyclotron_html",
  "tags": [
    "html",
    "indexed",
    "ui"
  ],
  "metadata": {
    "path": "C:/Users/dwrek/100X_DEPLOYMENT\\TRUTH_SIGNAL_FINDER.html",
    "file_type": "html",
    "indexed_at": "2025-11-24T04:40:25.123577"
  },
  "created": "2025-11-24T04:40:25.123580",
  "confidence": 0.75,
  "connections": []
}