{
  "id": "086f6f4958c6",
  "type": "concept",
  "content": "EQUIPMENT_INVENTORY_100K_PROOF.md: # EQUIPMENT INVENTORY - $100K+ PROOF  **Current Location:** U-Haul possession (Contract #92559832) *",
  "source": "cyclotron_md",
  "tags": [
    "md",
    "indexed",
    "documentation"
  ],
  "metadata": {
    "path": "C:/Users/dwrek/Desktop\\ARCHIVE_NOV_22\\ARCHIVED_SESSIONS\\SESSION_2025_11_15\\MISC\\EQUIPMENT_INVENTORY_100K_PROOF.md",
    "file_type": "md",
    "indexed_at": "2025-11-24T04:40:25.537284"
  },
  "created": "2025-11-24T04:40:25.537286",
  "confidence": 0.75,
  "connections": []
}