{
  "id": "0890cec6cc1f",
  "type": "data",
  "content": "4f6c38a02c4d.json: {   \"id\": \"4f6c38a02c4d\",   \"content\": \"Trinity Doc: \\ud83c\\udfaf Trinity Autonomous Coordination - ",
  "source": "cyclotron_json",
  "tags": [
    "json",
    "indexed",
    "structure"
  ],
  "metadata": {
    "path": "C:/Users/dwrek/.consciousness\\cyclotron_core\\atoms\\4f6c38a02c4d.json",
    "file_type": "json",
    "indexed_at": "2025-11-24T04:40:25.205309"
  },
  "created": "2025-11-24T04:40:25.205311",
  "confidence": 0.75,
  "connections": []
}