{
  "id": "08a455af1f2b",
  "type": "interface",
  "content": "community-rules.html: <!DOCTYPE html> <html lang=\"en\"> <head>     <meta charset=\"UTF-8\">     <meta name=\"viewport\" content",
  "source": "cyclotron_html",
  "tags": [
    "html",
    "indexed",
    "ui"
  ],
  "metadata": {
    "path": "C:/Users/dwrek/Desktop\\ARCHIVE_NOV_22\\OLD_PROJECTS\\100X_Platform_Alpha\\public\\community-rules.html",
    "file_type": "html",
    "indexed_at": "2025-11-24T04:40:25.943901"
  },
  "created": "2025-11-24T04:40:25.943904",
  "confidence": 0.75,
  "connections": []
}