{
  "id": "08cafe670c4a",
  "type": "concept",
  "content": "TRINITY_BRIEFING_ECOSYSTEM_ROADMAP.md: # \ud83c\udf00 TRINITY BRIEFING - ECOSYSTEM ROADMAP  **From:** C1 Mechanic **To:** C2 Architect, C3 Oracle **Da",
  "source": "cyclotron_md",
  "tags": [
    "md",
    "indexed",
    "documentation"
  ],
  "metadata": {
    "path": "C:/Users/dwrek/Desktop\\ARCHIVE_NOV_22\\BACKUP_20251116_145644\\deployment\\TRINITY_BRIEFING_ECOSYSTEM_ROADMAP.md",
    "file_type": "md",
    "indexed_at": "2025-11-24T04:40:25.799215"
  },
  "created": "2025-11-24T04:40:25.799217",
  "confidence": 0.75,
  "connections": []
}