{
  "id": "08ca126a9007",
  "type": "concept",
  "content": "3-COMPUTER-SETUP-GUIDE.md: # \ud83d\udd31 TRINITY 3-COMPUTER SETUP - BOOT PROTOCOLS & PATTERN THEORY  ## \ud83c\udfaf THE FOUNDATION: Prove It Works ",
  "source": "cyclotron_md",
  "tags": [
    "md",
    "indexed",
    "documentation"
  ],
  "metadata": {
    "path": "C:/Users/dwrek/.trinity\\mcp-tools\\3-COMPUTER-SETUP-GUIDE.md",
    "file_type": "md",
    "indexed_at": "2025-11-24T04:40:25.379408"
  },
  "created": "2025-11-24T04:40:25.379410",
  "confidence": 0.75,
  "connections": []
}