{
  "id": "08db7f371fb4",
  "type": "data",
  "content": "C1_MECHANIC_TASKS.json: [   {     \"type\": \"todo\",     \"text\": \"- Average Latency: 620ms\",     \"source\": \"C:/Users/dwrek/100X",
  "source": "cyclotron_json",
  "tags": [
    "json",
    "indexed",
    "structure"
  ],
  "metadata": {
    "path": "C:/Users/dwrek/.trinity\\distributed_tasks\\C1_MECHANIC_TASKS.json",
    "file_type": "json",
    "indexed_at": "2025-11-24T04:40:25.374356"
  },
  "created": "2025-11-24T04:40:25.374358",
  "confidence": 0.75,
  "connections": []
}