{
  "id": "08fdc750e6a9",
  "type": "fact",
  "content": "\ud83c\udf89 NOVEMBER_7_AUTONOMOUS_SESSION_COMPLETE.txt: \u2550\u2550\u2550\u2550\u2550\u2550\u2550\u2550\u2550\u2550\u2550\u2550\u2550\u2550\u2550\u2550\u2550\u2550\u2550\u2550\u2550\u2550\u2550\u2550\u2550\u2550\u2550\u2550\u2550\u2550\u2550\u2550\u2550\u2550\u2550\u2550\u2550\u2550\u2550\u2550\u2550\u2550\u2550\u2550\u2550\u2550\u2550\u2550\u2550\u2550\u2550\u2550\u2550\u2550\u2550\u2550\u2550\u2550\u2550 \ud83c\udf89 AUTONOMOUS SESSION COMPLETE    Novembe",
  "source": "cyclotron_txt",
  "tags": [
    "txt",
    "indexed"
  ],
  "metadata": {
    "path": "C:/Users/dwrek/Desktop\\ARCHIVE_NOV_22\\ARCHIVED_SESSIONS\\SESSION_2025_11_15\\STATUS_REPORTS\\\ud83c\udf89 NOVEMBER_7_AUTONOMOUS_SESSION_COMPLETE.txt",
    "file_type": "txt",
    "indexed_at": "2025-11-24T04:40:25.612666"
  },
  "created": "2025-11-24T04:40:25.612668",
  "confidence": 0.75,
  "connections": []
}