{
  "id": "0908051ef4c5",
  "type": "tool",
  "content": "GMAIL_UHAUL_AUTO_SENDER.py: #!/usr/bin/env python3 \"\"\" GMAIL U-HAUL AUTO SENDER - INTELLIGENT EMAIL AUTOMATION Automatically fin",
  "source": "cyclotron_py",
  "tags": [
    "py",
    "indexed",
    "code"
  ],
  "metadata": {
    "path": "C:/Users/dwrek/Desktop\\ARCHIVE_NOV_22\\ARCHIVED_SESSIONS\\SESSION_2025_11_15\\MISC\\GMAIL_UHAUL_AUTO_SENDER.py",
    "file_type": "py",
    "indexed_at": "2025-11-24T04:40:25.540012"
  },
  "created": "2025-11-24T04:40:25.540014",
  "confidence": 0.75,
  "connections": []
}