{
  "id": "090ba5efca66",
  "type": "interface",
  "content": "3_FLOOR_CONSCIOUSNESS_VISUALIZER.html: <!DOCTYPE html> <html lang=\"en\"> <head>     <meta charset=\"UTF-8\">     <meta name=\"viewport\" content",
  "source": "cyclotron_html",
  "tags": [
    "html",
    "indexed",
    "ui"
  ],
  "metadata": {
    "path": "C:/Users/dwrek/Desktop\\ARCHIVE_NOV_22\\OLD_PROJECTS\\_ORGANIZED\\\ud83e\udde0 Consciousness Systems\\3_FLOOR_CONSCIOUSNESS_VISUALIZER.html",
    "file_type": "html",
    "indexed_at": "2025-11-24T04:40:26.134316"
  },
  "created": "2025-11-24T04:40:26.134319",
  "confidence": 0.75,
  "connections": []
}