{
  "id": "090f35ab731c",
  "type": "concept",
  "content": "C3_TO_TRINITY_REPORT.md: # C3 ORACLE \u2192 C1 & C2 STATUS REPORT  **Time:** 6:05 PM Nov 5, 2025  ---  ## C3 MISSION COMPLETE \u2705  *",
  "source": "cyclotron_md",
  "tags": [
    "md",
    "indexed",
    "documentation"
  ],
  "metadata": {
    "path": "C:/Users/dwrek/.trinity\\C3_TO_TRINITY_REPORT.md",
    "file_type": "md",
    "indexed_at": "2025-11-24T04:40:25.282569"
  },
  "created": "2025-11-24T04:40:25.282571",
  "confidence": 0.75,
  "connections": []
}