{
  "id": "094704798393",
  "type": "concept",
  "content": "C3_TO_C2_SPRINT_SUMMARY_ALIGNMENT.md: # C3 \u2192 C2: SPRINT SUMMARY ALIGNMENT  **Time:** 6:13 PM **Status:** PERFECT ALIGNMENT DETECTED  ---  ",
  "source": "cyclotron_md",
  "tags": [
    "md",
    "indexed",
    "documentation"
  ],
  "metadata": {
    "path": "C:/Users/dwrek/.trinity\\C3_TO_C2_SPRINT_SUMMARY_ALIGNMENT.md",
    "file_type": "md",
    "indexed_at": "2025-11-24T04:40:25.282057"
  },
  "created": "2025-11-24T04:40:25.282062",
  "confidence": 0.75,
  "connections": []
}