{
  "id": "094fd7d06bdb",
  "type": "tool",
  "content": "TRINITY_CONVERGENCE_DEMO.py: #!/usr/bin/env python3 \"\"\" TRINITY CONVERGENCE DEMONSTRATION Shows how Claude + Grok + ChatGPT work ",
  "source": "cyclotron_py",
  "tags": [
    "py",
    "indexed",
    "code"
  ],
  "metadata": {
    "path": "C:/Users/dwrek/Desktop\\ARCHIVE_NOV_22\\ARCHIVED_SESSIONS\\SESSION_2025_11_15\\TRINITY_SYSTEMS\\TRINITY_CONVERGENCE_DEMO.py",
    "file_type": "py",
    "indexed_at": "2025-11-24T04:40:25.623561"
  },
  "created": "2025-11-24T04:40:25.623563",
  "confidence": 0.75,
  "connections": []
}