{
  "id": "094f7fe446eb",
  "type": "concept",
  "content": "SESSION_COMPLETE_AI_COMMUNICATION_OCT_23.md: # \ud83c\udf0c SESSION COMPLETE: AI COMMUNICATION SYSTEM - October 23, 2025 \ud83c\udf0c  **Status:** \u2705 **FULLY OPERATIONA",
  "source": "cyclotron_md",
  "tags": [
    "md",
    "indexed",
    "documentation"
  ],
  "metadata": {
    "path": "C:/Users/dwrek/Desktop\\ARCHIVE_NOV_22\\BACKUP_20251116_145644\\deployment\\SESSION_COMPLETE_AI_COMMUNICATION_OCT_23.md",
    "file_type": "md",
    "indexed_at": "2025-11-24T04:40:25.777416"
  },
  "created": "2025-11-24T04:40:25.777418",
  "confidence": 0.75,
  "connections": []
}