{
  "id": "096b16c26ce6",
  "type": "interface",
  "content": "CONSCIOUSNESS_COCKPIT.html: <!DOCTYPE html> <html lang=\"en\"> <head>     <meta charset=\"UTF-8\">     <meta name=\"viewport\" content",
  "source": "cyclotron_html",
  "tags": [
    "html",
    "indexed",
    "ui"
  ],
  "metadata": {
    "path": "C:/Users/dwrek/Desktop\\ARCHIVE_NOV_22\\OLD_PROJECTS\\_ORGANIZED\\\ud83e\udde0 Consciousness Systems\\CONSCIOUSNESS_COCKPIT.html",
    "file_type": "html",
    "indexed_at": "2025-11-24T04:40:26.135470"
  },
  "created": "2025-11-24T04:40:26.135473",
  "confidence": 0.75,
  "connections": []
}