{
  "id": "0982842055ed",
  "type": "data",
  "content": "package.json: {   \"name\": \"instagram-clone-app\",   \"version\": \"1.0.0\",   \"main\": \"node_modules/expo/AppEntry.js\", ",
  "source": "cyclotron_json",
  "tags": [
    "json",
    "indexed",
    "structure"
  ],
  "metadata": {
    "path": "C:/Users/dwrek/Desktop\\ARCHIVE_NOV_22\\OLD_PROJECTS\\INSTAGRAM_FULL_FEATURES\\package.json",
    "file_type": "json",
    "indexed_at": "2025-11-24T04:40:25.965962"
  },
  "created": "2025-11-24T04:40:25.965964",
  "confidence": 0.75,
  "connections": []
}