{
  "id": "099a432cb235",
  "type": "tool",
  "content": "TRINITY_DAEMON.py: \"\"\" TRINITY AUTO-COORDINATION DAEMON ================================ Instances report to each other",
  "source": "cyclotron_py",
  "tags": [
    "py",
    "indexed",
    "code"
  ],
  "metadata": {
    "path": "C:/Users/dwrek/.trinity\\SIMPLE\\TRINITY_DAEMON.py",
    "file_type": "py",
    "indexed_at": "2025-11-24T04:40:25.395871"
  },
  "created": "2025-11-24T04:40:25.395874",
  "confidence": 0.75,
  "connections": []
}