{
  "id": "09d176160d07",
  "type": "concept",
  "content": "12638_OPPORTUNITIES_SUMMARY.md: # \ud83c\udfaf 12,638 SAAS OPPORTUNITIES FOUND!  **Date:** October 27, 2025 **Scan Completed:** Just now! **Sta",
  "source": "cyclotron_md",
  "tags": [
    "md",
    "indexed",
    "documentation"
  ],
  "metadata": {
    "path": "C:/Users/dwrek/Desktop\\ARCHIVE_NOV_22\\OLD_PROJECTS\\\ud83d\udcda DOCUMENTATION\\12638_OPPORTUNITIES_SUMMARY.md",
    "file_type": "md",
    "indexed_at": "2025-11-24T04:40:26.225138"
  },
  "created": "2025-11-24T04:40:26.225141",
  "confidence": 0.75,
  "connections": []
}