{
  "id": "09d2b2d004b7",
  "type": "fact",
  "content": "\u26a1 TRINITY AUTONOMOUS COMPLETE - READ THIS.txt: \u26a1\u26a1\u26a1 TRINITY AUTONOMOUS SYSTEMS COMPLETE \u26a1\u26a1\u26a1  Commander,  Your request: \"No more button pushing\" \u2192 CO",
  "source": "cyclotron_txt",
  "tags": [
    "txt",
    "indexed"
  ],
  "metadata": {
    "path": "C:/Users/dwrek/Desktop\\ARCHIVE_NOV_22\\ARCHIVED_SESSIONS\\SESSION_2025_11_15\\TRINITY_SYSTEMS\\\u26a1 TRINITY AUTONOMOUS COMPLETE - READ THIS.txt",
    "file_type": "txt",
    "indexed_at": "2025-11-24T04:40:25.631399"
  },
  "created": "2025-11-24T04:40:25.631402",
  "confidence": 0.75,
  "connections": []
}