{
  "id": "09de141ce841",
  "type": "fact",
  "content": "useHandleRequests.js: import firebase from \"firebase/compat\";  const useHandleRequests = ({ currentUser, user }) => {     ",
  "source": "cyclotron_js",
  "tags": [
    "js",
    "indexed"
  ],
  "metadata": {
    "path": "C:/Users/dwrek/Desktop\\ARCHIVE_NOV_22\\OLD_PROJECTS\\INSTAGRAM_FULL_FEATURES\\src\\hooks\\useHandleRequests.js",
    "file_type": "js",
    "indexed_at": "2025-11-24T04:40:25.972966"
  },
  "created": "2025-11-24T04:40:25.972968",
  "confidence": 0.75,
  "connections": []
}