{
  "id": "09eed1c24ee6",
  "type": "data",
  "content": "c459f5348770.json: {   \"id\": \"c459f5348770\",   \"content\": \"Doc: \\ud83d\\udd04 R1 COMMUNICATION SYSTEM - TRINITY IDEAS\", ",
  "source": "cyclotron_json",
  "tags": [
    "json",
    "indexed",
    "structure"
  ],
  "metadata": {
    "path": "C:/Users/dwrek/.consciousness\\cyclotron_core\\atoms\\c459f5348770.json",
    "file_type": "json",
    "indexed_at": "2025-11-24T04:40:25.237559"
  },
  "created": "2025-11-24T04:40:25.237561",
  "confidence": 0.75,
  "connections": []
}