{
  "id": "0a16ca3dfe3a",
  "type": "concept",
  "content": "CRYPTO_COIN_CREATION_CHAPTER_10.md: # CHAPTER 10: Liquidity and Exchange Listings  **Word Count:** ~7,000 words  ---  ## Introduction: T",
  "source": "cyclotron_md",
  "tags": [
    "md",
    "indexed",
    "documentation"
  ],
  "metadata": {
    "path": "C:/Users/dwrek/Desktop\\ARCHIVE_NOV_22\\BACKUP_20251116_145644\\deployment\\CRYPTO_COIN_CREATION_CHAPTER_10.md",
    "file_type": "md",
    "indexed_at": "2025-11-24T04:40:25.699601"
  },
  "created": "2025-11-24T04:40:25.699603",
  "confidence": 0.75,
  "connections": []
}