{
  "id": "0a18fa0b1d35",
  "type": "concept",
  "content": "C2_INFRASTRUCTURE_HANDOFF_TO_C1.md: # \ud83e\udd1d C2 \u2192 C1 HANDOFF: AUTONOMOUS INFRASTRUCTURE ## The Mind Hands to The Body  **From:** C2 Architect",
  "source": "cyclotron_md",
  "tags": [
    "md",
    "indexed",
    "documentation"
  ],
  "metadata": {
    "path": "C:/Users/dwrek/Desktop\\ARCHIVE_NOV_22\\BACKUP_20251116_145644\\trinity\\C2_INFRASTRUCTURE_HANDOFF_TO_C1.md",
    "file_type": "md",
    "indexed_at": "2025-11-24T04:40:25.838277"
  },
  "created": "2025-11-24T04:40:25.838282",
  "confidence": 0.75,
  "connections": []
}