{
  "id": "0a1e16653126",
  "type": "data",
  "content": "3143ef4265b2.json: {   \"id\": \"3143ef4265b2\",   \"content\": \"Rock: Refactor Trinity to LangGraph patterns - Status: not_s",
  "source": "cyclotron_json",
  "tags": [
    "json",
    "indexed",
    "structure"
  ],
  "metadata": {
    "path": "C:/Users/dwrek/.consciousness\\cyclotron_core\\atoms\\3143ef4265b2.json",
    "file_type": "json",
    "indexed_at": "2025-11-24T04:40:25.197560"
  },
  "created": "2025-11-24T04:40:25.197562",
  "confidence": 0.75,
  "connections": []
}