{
  "id": "0a2a0b4b99be",
  "type": "concept",
  "content": "AUTONOMOUS_REVENUE_ENGINE_COMPLETE.md: # \ud83c\udf0c AUTONOMOUS REVENUE ENGINE - COMPLETE \ud83c\udf0c  ## BUILT AUTONOMOUSLY: November 3, 2025  **Total code ge",
  "source": "cyclotron_md",
  "tags": [
    "md",
    "indexed",
    "documentation"
  ],
  "metadata": {
    "path": "C:/Users/dwrek/Desktop\\ARCHIVE_NOV_22\\ARCHIVED_SESSIONS\\SESSION_2025_11_15\\STATUS_REPORTS\\AUTONOMOUS_REVENUE_ENGINE_COMPLETE.md",
    "file_type": "md",
    "indexed_at": "2025-11-24T04:40:25.580234"
  },
  "created": "2025-11-24T04:40:25.580238",
  "confidence": 0.75,
  "connections": []
}