{
  "id": "0a2c95583a7e",
  "type": "concept",
  "content": "THE_WHOLE_SITUATION_EXPLAINED.md: # THE WHOLE SITUATION - EXPLAINED CLEARLY  **Date:** November 18, 2025 **Written by:** C1 AI (Derek'",
  "source": "cyclotron_md",
  "tags": [
    "md",
    "indexed",
    "documentation"
  ],
  "metadata": {
    "path": "C:/Users/dwrek/Desktop\\\ud83d\udcc2 MASTER_FILES\\THE_WHOLE_SITUATION_EXPLAINED.md",
    "file_type": "md",
    "indexed_at": "2025-11-24T04:40:26.333265"
  },
  "created": "2025-11-24T04:40:26.333267",
  "confidence": 0.75,
  "connections": []
}