{
  "id": "0a38c55ad7e2",
  "type": "fact",
  "content": "\u26a1 JOSH CLAUDE SETUP - DO NOW.txt: \u26a1 JOSH - CLAUDE ACCOUNT SETUP \u26a1 November 15, 2025  \u2550\u2550\u2550\u2550\u2550\u2550\u2550\u2550\u2550\u2550\u2550\u2550\u2550\u2550\u2550\u2550\u2550\u2550\u2550\u2550\u2550\u2550\u2550\u2550\u2550\u2550\u2550\u2550\u2550\u2550\u2550\u2550\u2550\u2550\u2550\u2550\u2550\u2550\u2550\u2550\u2550\u2550\u2550\u2550\u2550\u2550\u2550\u2550\u2550",
  "source": "cyclotron_txt",
  "tags": [
    "txt",
    "indexed"
  ],
  "metadata": {
    "path": "C:/Users/dwrek/Desktop\\ARCHIVE_NOV_22\\ARCHIVED_SESSIONS\\SESSION_2025_11_15\\MISC\\\u26a1 JOSH CLAUDE SETUP - DO NOW.txt",
    "file_type": "txt",
    "indexed_at": "2025-11-24T04:40:25.561713"
  },
  "created": "2025-11-24T04:40:25.561715",
  "confidence": 0.75,
  "connections": []
}