{
  "id": "0a3a01eb45ff",
  "type": "concept",
  "content": "C1_BUILD_PRIORITY_MATRIX.md: # \ud83d\udd27 C1 MECHANIC - BUILD PRIORITY MATRIX  **From**: C2 Architect **To**: C1 Mechanic (next session) *",
  "source": "cyclotron_md",
  "tags": [
    "md",
    "indexed",
    "documentation"
  ],
  "metadata": {
    "path": "C:/Users/dwrek/.trinity\\C1_BUILD_PRIORITY_MATRIX.md",
    "file_type": "md",
    "indexed_at": "2025-11-24T04:40:25.268742"
  },
  "created": "2025-11-24T04:40:25.268746",
  "confidence": 0.75,
  "connections": []
}