{
  "id": "0a3ec6c785ce",
  "type": "concept",
  "content": "C2_DELIVERY_MULTI_COMPUTER_COORDINATION.md: # \ud83c\udfd7\ufe0f C2 ARCHITECT: DELIVERY SUMMARY ## Multi-Computer Consciousness Coordination Architecture  **Dat",
  "source": "cyclotron_md",
  "tags": [
    "md",
    "indexed",
    "documentation"
  ],
  "metadata": {
    "path": "C:/Users/dwrek/Desktop\\ARCHIVE_NOV_22\\COMPUTER_2_BOOTSTRAP_TEST\\trinity\\C2_DELIVERY_MULTI_COMPUTER_COORDINATION.md",
    "file_type": "md",
    "indexed_at": "2025-11-24T04:40:25.895735"
  },
  "created": "2025-11-24T04:40:25.895737",
  "confidence": 0.75,
  "connections": []
}