{
  "id": "0a41e5a4ffd5",
  "type": "fact",
  "content": "\u2705 EMAILS SENT TO JOSH - NEXT STEPS.txt: \u2705 EMAILS SENT TO JOSH SUCCESSFULLY \u2705 November 16, 2025  \u2550\u2550\u2550\u2550\u2550\u2550\u2550\u2550\u2550\u2550\u2550\u2550\u2550\u2550\u2550\u2550\u2550\u2550\u2550\u2550\u2550\u2550\u2550\u2550\u2550\u2550\u2550\u2550\u2550\u2550\u2550\u2550\u2550\u2550\u2550\u2550\u2550\u2550\u2550\u2550\u2550\u2550\u2550\u2550",
  "source": "cyclotron_txt",
  "tags": [
    "txt",
    "indexed"
  ],
  "metadata": {
    "path": "C:/Users/dwrek/Desktop\\ARCHIVE_NOV_22\\ARCHIVED_INSTRUCTIONS\\\u2705 EMAILS SENT TO JOSH - NEXT STEPS.txt",
    "file_type": "txt",
    "indexed_at": "2025-11-24T04:40:25.484412"
  },
  "created": "2025-11-24T04:40:25.484416",
  "confidence": 0.75,
  "connections": []
}