{
  "id": "0a57ae40dfb3",
  "type": "tool",
  "content": "boot_down_consolidator.py: #!/usr/bin/env python3 \"\"\" Boot Down Consolidator Merges all boot down reports into ONE output Same ",
  "source": "cyclotron_py",
  "tags": [
    "py",
    "indexed",
    "code"
  ],
  "metadata": {
    "path": "C:/Users/dwrek/100X_DEPLOYMENT\\LOCAL_TRINITY_HUB\\boot_down_consolidator.py",
    "file_type": "py",
    "indexed_at": "2025-11-24T04:40:25.138616"
  },
  "created": "2025-11-24T04:40:25.138618",
  "confidence": 0.75,
  "connections": []
}