{
  "id": "0a688d607505",
  "type": "fact",
  "content": "\ud83c\udf00 TRINITY_NOW_UNIFIED.txt: ============================================================ \ud83c\udf00 TRINITY IS NOW TRULY UNIFIED ========",
  "source": "cyclotron_txt",
  "tags": [
    "txt",
    "indexed"
  ],
  "metadata": {
    "path": "C:/Users/dwrek/Desktop\\ARCHIVE_NOV_22\\ARCHIVED_SESSIONS\\SESSION_2025_11_15\\TRINITY_SYSTEMS\\\ud83c\udf00 TRINITY_NOW_UNIFIED.txt",
    "file_type": "txt",
    "indexed_at": "2025-11-24T04:40:25.635590"
  },
  "created": "2025-11-24T04:40:25.635592",
  "confidence": 0.75,
  "connections": []
}