{
  "id": "0a6c9a3c6e75",
  "type": "fact",
  "content": "setCache.js: const Upload = require('../models/index').Upload; const View = require('../models/index').View; cons",
  "source": "cyclotron_js",
  "tags": [
    "js",
    "indexed"
  ],
  "metadata": {
    "path": "C:/Users/dwrek/Desktop\\ARCHIVE_NOV_22\\OLD_PROJECTS\\OVERKORE_VIDEO_PLATFORM\\caching\\setCache.js",
    "file_type": "js",
    "indexed_at": "2025-11-24T04:40:26.015314"
  },
  "created": "2025-11-24T04:40:26.015318",
  "confidence": 0.75,
  "connections": []
}