{
  "id": "0a7a1f0d21b5",
  "content": "AI Tool: config.py | Path: C:\\Users\\dwrek\\AI_AUTOMATION_TOOLS\\browser-use\\browser_use\\config.py",
  "type": "ai_tool",
  "source": "C:\\Users\\dwrek\\AI_AUTOMATION_TOOLS\\browser-use\\browser_use\\config.py",
  "tags": [
    "jarvis",
    "automation",
    "black_swan"
  ],
  "links": [],
  "created": "2025-11-26T12:30:38.592446",
  "updated": "2025-11-26T12:30:38.592448",
  "confidence": 0.8,
  "usage_count": 0,
  "metadata": {
    "path": "C:\\Users\\dwrek\\AI_AUTOMATION_TOOLS\\browser-use\\browser_use\\config.py"
  }
}