{
  "id": "0a7e81181707",
  "type": "data",
  "content": "TRINITY_COMMAND_HUB.json: {   \"trinity_session\": {     \"session_id\": \"RECURSIVE_BOOT_NOV_5_2025\",     \"start_time\": \"2025-11-0",
  "source": "cyclotron_json",
  "tags": [
    "json",
    "indexed",
    "structure"
  ],
  "metadata": {
    "path": "C:/Users/dwrek/Desktop\\ARCHIVE_NOV_22\\COMPUTER_2_BOOTSTRAP_TEST\\trinity\\TRINITY_COMMAND_HUB.json",
    "file_type": "json",
    "indexed_at": "2025-11-24T04:40:25.897404"
  },
  "created": "2025-11-24T04:40:25.897406",
  "confidence": 0.75,
  "connections": []
}