{
  "id": "0a9414496efc",
  "type": "data",
  "content": "railway.json: {   \"$schema\": \"https://railway.app/railway.schema.json\",   \"build\": {     \"builder\": \"NIXPACKS\"   }",
  "source": "cyclotron_json",
  "tags": [
    "json",
    "indexed",
    "structure"
  ],
  "metadata": {
    "path": "C:/Users/dwrek/Desktop\\ARCHIVE_NOV_22\\BACKUP_20251116_145644\\deployment\\railway.json",
    "file_type": "json",
    "indexed_at": "2025-11-24T04:40:25.769265"
  },
  "created": "2025-11-24T04:40:25.769267",
  "confidence": 0.75,
  "connections": []
}