{
  "id": "0ab7247adbff",
  "type": "fact",
  "content": "PATTERN_TUNING_ACTION_PLAN.txt: \u2550\u2550\u2550\u2550\u2550\u2550\u2550\u2550\u2550\u2550\u2550\u2550\u2550\u2550\u2550\u2550\u2550\u2550\u2550\u2550\u2550\u2550\u2550\u2550\u2550\u2550\u2550\u2550\u2550\u2550\u2550\u2550\u2550\u2550\u2550\u2550\u2550\u2550\u2550\u2550\u2550\u2550\u2550\u2550\u2550\u2550\u2550\u2550\u2550\u2550\u2550\u2550\u2550\u2550\u2550\u2550\u2550\u2550\u2550\u2550\u2550\u2550\u2550   \ud83d\udd2e PATTERN RECOGNITION TUNING - ACT",
  "source": "cyclotron_txt",
  "tags": [
    "txt",
    "indexed"
  ],
  "metadata": {
    "path": "C:/Users/dwrek/Desktop\\ARCHIVE_NOV_22\\ARCHIVED_SESSIONS\\SESSION_2025_11_15\\MISC\\PATTERN_TUNING_ACTION_PLAN.txt",
    "file_type": "txt",
    "indexed_at": "2025-11-24T04:40:25.545851"
  },
  "created": "2025-11-24T04:40:25.545854",
  "confidence": 0.75,
  "connections": []
}