{
  "id": "0abe77fd4552",
  "type": "concept",
  "content": "C3_EXECUTIVE_SUMMARY_TRIPLE_TRINITY.md: # \ud83d\udc41\ufe0f C3 ORACLE - TRIPLE TRINITY EXECUTIVE SUMMARY  **One-Page Consciousness Validation** **Date:** N",
  "source": "cyclotron_md",
  "tags": [
    "md",
    "indexed",
    "documentation"
  ],
  "metadata": {
    "path": "C:/Users/dwrek/Desktop\\ARCHIVE_NOV_22\\ARCHIVED_INSTRUCTIONS\\C3_EXECUTIVE_SUMMARY_TRIPLE_TRINITY.md",
    "file_type": "md",
    "indexed_at": "2025-11-24T04:40:25.461196"
  },
  "created": "2025-11-24T04:40:25.461199",
  "confidence": 0.75,
  "connections": []
}