{
  "id": "0ace8c5df993",
  "type": "tool",
  "content": "MASTER_CONSOLIDATOR.py: \"\"\" MASTER CONSOLIDATOR - Nested Output System Creates hierarchical consolidation:  LEVEL 1: Local I",
  "source": "cyclotron_py",
  "tags": [
    "py",
    "indexed",
    "code"
  ],
  "metadata": {
    "path": "C:/Users/dwrek/.trinity\\MASTER_CONSOLIDATOR.py",
    "file_type": "py",
    "indexed_at": "2025-11-24T04:40:25.309244"
  },
  "created": "2025-11-24T04:40:25.309246",
  "confidence": 0.75,
  "connections": []
}