{
  "id": "0adf28b29a51",
  "type": "concept",
  "content": "PARASITE_REMOVAL_STRATEGY.md: # \ud83d\udde1\ufe0f PARASITE REMOVAL STRATEGY - Remove These Bots From Your Life  **The Reality:** 46,500 parasites",
  "source": "cyclotron_md",
  "tags": [
    "md",
    "indexed",
    "documentation"
  ],
  "metadata": {
    "path": "C:/Users/dwrek/Desktop\\ARCHIVE_NOV_22\\OLD_PROJECTS\\\u2705 COMPLETED_WORK\\_ORGANIZED_FILES\\Documents\\PARASITE_REMOVAL_STRATEGY.md",
    "file_type": "md",
    "indexed_at": "2025-11-24T04:40:26.182194"
  },
  "created": "2025-11-24T04:40:26.182197",
  "confidence": 0.75,
  "connections": []
}