{
  "id": "0b208b7b8a90",
  "type": "tool",
  "content": "SCREENSHOT_COCKPIT.py: #!/usr/bin/env python3 \"\"\"Take screenshot of cockpit dashboard\"\"\" import pyautogui import time from ",
  "source": "cyclotron_py",
  "tags": [
    "py",
    "indexed",
    "code"
  ],
  "metadata": {
    "path": "C:/Users/dwrek/Desktop\\\ud83d\udcc2 MASTER_FILES\\SCREENSHOT_COCKPIT.py",
    "file_type": "py",
    "indexed_at": "2025-11-24T04:40:26.330846"
  },
  "created": "2025-11-24T04:40:26.330851",
  "confidence": 0.75,
  "connections": []
}