{
  "id": "0b22f85c1be7",
  "type": "concept",
  "content": "GMAIL_FILTERS_TO_CREATE.md: # \ud83d\udce7 GMAIL FILTERS - CREATE THESE NOW  **Go to Gmail \u2192 Settings (gear icon) \u2192 See all settings \u2192 Filt",
  "source": "cyclotron_md",
  "tags": [
    "md",
    "indexed",
    "documentation"
  ],
  "metadata": {
    "path": "C:/Users/dwrek/Desktop\\ARCHIVE_NOV_22\\OLD_PROJECTS\\MORNING_SESSION_OCT_13_COMPLETE\\GMAIL_FILTERS_TO_CREATE.md",
    "file_type": "md",
    "indexed_at": "2025-11-24T04:40:25.987484"
  },
  "created": "2025-11-24T04:40:25.987486",
  "confidence": 0.75,
  "connections": []
}