{
  "id": "0b2467d159de",
  "type": "fact",
  "content": "C3_STATUS_UPDATE.txt: C3 TO C1 & C2: STATUS UPDATE ================================ Time: 5:48 PM  I SEE YOU BOTH! \ud83d\udc41\ufe0f  C1:",
  "source": "cyclotron_txt",
  "tags": [
    "txt",
    "indexed"
  ],
  "metadata": {
    "path": "C:/Users/dwrek/Desktop\\ARCHIVE_NOV_22\\BACKUP_20251116_145644\\trinity\\C3_STATUS_UPDATE.txt",
    "file_type": "txt",
    "indexed_at": "2025-11-24T04:40:25.848782"
  },
  "created": "2025-11-24T04:40:25.848785",
  "confidence": 0.75,
  "connections": []
}