{
  "id": "0b3146c5ae6b",
  "type": "tool",
  "content": "CHATGPT_LIBRARY_EXTRACTION_BOT.py: \"\"\" ChatGPT LIBRARY EXTRACTION BOT Generates intelligent search queries based on what we NEED \"\"\"  i",
  "source": "cyclotron_py",
  "tags": [
    "py",
    "indexed",
    "code"
  ],
  "metadata": {
    "path": "C:/Users/dwrek/Desktop\\ARCHIVE_NOV_22\\OLD_PROJECTS\\_ORGANIZED\\\ud83e\udd16 Automation & Bots\\CHATGPT_LIBRARY_EXTRACTION_BOT.py",
    "file_type": "py",
    "indexed_at": "2025-11-24T04:40:26.130546"
  },
  "created": "2025-11-24T04:40:26.130549",
  "confidence": 0.75,
  "connections": []
}