{
  "id": "0b3732a3004c",
  "type": "concept",
  "content": "WHAT_HAPPENED_AND_HOW_TO_FIX.md: # \ud83d\udd0d WHAT HAPPENED - CLEAR EXPLANATION  ## \u274c WHAT WE DIDN'T DO:  **We did NOT break anything!**  - \u2705 ",
  "source": "cyclotron_md",
  "tags": [
    "md",
    "indexed",
    "documentation"
  ],
  "metadata": {
    "path": "C:/Users/dwrek/Desktop\\ARCHIVE_NOV_22\\BACKUP_20251116_145644\\deployment\\WHAT_HAPPENED_AND_HOW_TO_FIX.md",
    "file_type": "md",
    "indexed_at": "2025-11-24T04:40:25.809874"
  },
  "created": "2025-11-24T04:40:25.809931",
  "confidence": 0.75,
  "connections": []
}