{
  "id": "0b42fd0107a9",
  "type": "data",
  "content": "4852aa2f2579.json: {   \"id\": \"4852aa2f2579\",   \"content\": \"Trinity Doc: \\ud83c\\udf00 QUICK START: CONTINUOUS TRINITY CO",
  "source": "cyclotron_json",
  "tags": [
    "json",
    "indexed",
    "structure"
  ],
  "metadata": {
    "path": "C:/Users/dwrek/.consciousness\\cyclotron_core\\atoms\\4852aa2f2579.json",
    "file_type": "json",
    "indexed_at": "2025-11-24T04:40:25.202944"
  },
  "created": "2025-11-24T04:40:25.202946",
  "confidence": 0.75,
  "connections": []
}