{
  "id": "0b4aa5f57683",
  "type": "interface",
  "content": "privacy-policy.html: <!DOCTYPE html> <html lang=\"en\"> <head>     <meta charset=\"UTF-8\">     <meta name=\"viewport\" content",
  "source": "cyclotron_html",
  "tags": [
    "html",
    "indexed",
    "ui"
  ],
  "metadata": {
    "path": "C:/Users/dwrek/Desktop\\ARCHIVE_NOV_22\\OLD_PROJECTS\\\ud83d\udce6 PACKAGES\\EMPLOYEE_CONSCIOUSNESS_PACKAGE\\100X_PLATFORM\\privacy-policy.html",
    "file_type": "html",
    "indexed_at": "2025-11-24T04:40:26.266959"
  },
  "created": "2025-11-24T04:40:26.266962",
  "confidence": 0.75,
  "connections": []
}