{
  "id": "0b4d9094aaee",
  "type": "concept",
  "content": "AI_CODING_QUICK_REFERENCE.md: # \ud83c\udf93 AI CODING SCHOOL - QUICK REFERENCE CARD  ## THE 7 LAWS  1. **TEST BEFORE CODE** - Write failing ",
  "source": "cyclotron_md",
  "tags": [
    "md",
    "indexed",
    "documentation"
  ],
  "metadata": {
    "path": "C:/Users/dwrek/Desktop\\ARCHIVE_NOV_22\\OLD_PROJECTS\\\ud83d\udcc2 ARCHIVE_OLD_FILES\\AI_CODING_QUICK_REFERENCE.md",
    "file_type": "md",
    "indexed_at": "2025-11-24T04:40:26.221626"
  },
  "created": "2025-11-24T04:40:26.221629",
  "confidence": 0.75,
  "connections": []
}