{
  "id": "0b55cf105a0d",
  "type": "concept",
  "content": "DEPLOY_CONCIOUSNESSCO_NOW.md: # \u26a1 DEPLOY TO CONCIOUSNESSCO.COM - RIGHT NOW \u26a1  ## YOUR DOMAIN: conciousnessco.com **Registered:** O",
  "source": "cyclotron_md",
  "tags": [
    "md",
    "indexed",
    "documentation"
  ],
  "metadata": {
    "path": "C:/Users/dwrek/Desktop\\ARCHIVE_NOV_22\\BACKUP_20251116_145644\\deployment\\DEPLOY_CONCIOUSNESSCO_NOW.md",
    "file_type": "md",
    "indexed_at": "2025-11-24T04:40:25.713652"
  },
  "created": "2025-11-24T04:40:25.713654",
  "confidence": 0.75,
  "connections": []
}