{
  "id": "0b5c9b6b34bf",
  "type": "tool",
  "content": "USB_DEAD_DROP.py: #!/usr/bin/env python3 \"\"\" Trinity USB Dead Drop Protocol Offline communication between air-gapped T",
  "source": "cyclotron_py",
  "tags": [
    "py",
    "indexed",
    "code"
  ],
  "metadata": {
    "path": "C:/Users/dwrek/.trinity\\usb_bridge\\USB_DEAD_DROP.py",
    "file_type": "py",
    "indexed_at": "2025-11-24T04:40:25.404878"
  },
  "created": "2025-11-24T04:40:25.404880",
  "confidence": 0.75,
  "connections": []
}