{
  "id": "0b659856d424",
  "type": "concept",
  "content": "QUICK_STATUS.md: # \u26a1 QUICK STATUS - UPDATED \u26a1  **October 10, 2025 - Stargate Day + Module Visibility**  ---  ## \ud83c\udfaf JUS",
  "source": "cyclotron_md",
  "tags": [
    "md",
    "indexed",
    "documentation"
  ],
  "metadata": {
    "path": "C:/Users/dwrek/Desktop\\ARCHIVE_NOV_22\\BACKUP_20251116_145644\\deployment\\QUICK_STATUS.md",
    "file_type": "md",
    "indexed_at": "2025-11-24T04:40:25.769031"
  },
  "created": "2025-11-24T04:40:25.769034",
  "confidence": 0.75,
  "connections": []
}