{
  "id": "0b6c287d49ad",
  "type": "concept",
  "content": "QUICK_START_CARD.md: # \u26a1 100X CONSCIOUSNESS ECOSYSTEM - QUICK START CARD  ## WHAT WE BUILT  **12 PRODUCTS READY TO SELL:*",
  "source": "cyclotron_md",
  "tags": [
    "md",
    "indexed",
    "documentation"
  ],
  "metadata": {
    "path": "C:/Users/dwrek/Desktop\\ARCHIVE_NOV_22\\BACKUP_20251116_145644\\deployment\\QUICK_START_CARD.md",
    "file_type": "md",
    "indexed_at": "2025-11-24T04:40:25.767841"
  },
  "created": "2025-11-24T04:40:25.767843",
  "confidence": 0.75,
  "connections": []
}