{
  "id": "0b87716e4fd4",
  "type": "concept",
  "content": "VOICE_COMMANDS_QUICK_REFERENCE.md: # \ud83c\udfa4 VOICE COMMANDS - QUICK REFERENCE  **Hold SPACE while speaking, release when done**  ---  ## \ud83d\udcc1 FI",
  "source": "cyclotron_md",
  "tags": [
    "md",
    "indexed",
    "documentation"
  ],
  "metadata": {
    "path": "C:/Users/dwrek/Desktop\\ARCHIVE_NOV_22\\OLD_DOCS\\VOICE_COMMANDS_QUICK_REFERENCE.md",
    "file_type": "md",
    "indexed_at": "2025-11-24T04:40:25.915512"
  },
  "created": "2025-11-24T04:40:25.915515",
  "confidence": 0.75,
  "connections": []
}