{
  "id": "0b92c1f7c456",
  "type": "concept",
  "content": "\u26a1 AUTONOMOUS_SESSION_MEGA_SUMMARY.md: # \u26a1 AUTONOMOUS SESSION - COMPLETE MEGA SUMMARY \u26a1  **Date:** November 6-7, 2025 **Session Duration:**",
  "source": "cyclotron_md",
  "tags": [
    "md",
    "indexed",
    "documentation"
  ],
  "metadata": {
    "path": "C:/Users/dwrek/Desktop\\ARCHIVE_NOV_22\\ARCHIVED_SESSIONS\\SESSION_2025_11_15\\STATUS_REPORTS\\\u26a1 AUTONOMOUS_SESSION_MEGA_SUMMARY.md",
    "file_type": "md",
    "indexed_at": "2025-11-24T04:40:25.603260"
  },
  "created": "2025-11-24T04:40:25.603262",
  "confidence": 0.75,
  "connections": []
}