{
  "id": "0b9c66728b53",
  "type": "data",
  "content": "api_usage.json: {   \"anthropic\": {     \"tokens\": 76,     \"requests\": 1,     \"cost\": 0.000936   },   \"deepseek\": {   ",
  "source": "cyclotron_json",
  "tags": [
    "json",
    "indexed",
    "structure"
  ],
  "metadata": {
    "path": "C:/Users/dwrek/.consciousness\\api_usage.json",
    "file_type": "json",
    "indexed_at": "2025-11-24T04:40:25.159139"
  },
  "created": "2025-11-24T04:40:25.159142",
  "confidence": 0.75,
  "connections": []
}