{
  "id": "0bcdba073cc5",
  "type": "concept",
  "content": "OVERKORE_TROJAN_HORSE_STRATEGY.md: # \ud83d\udc34 OVERKORE SOCIAL - THE TROJAN HORSE STRATEGY \ud83d\udc34  ## THE GENIUS MARKETING ANGLE  **\"Free Alternativ",
  "source": "cyclotron_md",
  "tags": [
    "md",
    "indexed",
    "documentation"
  ],
  "metadata": {
    "path": "C:/Users/dwrek/Desktop\\ARCHIVE_NOV_22\\OLD_PROJECTS\\_ORGANIZED\\\ud83e\udde0 Consciousness Systems\\OVERKORE_TROJAN_HORSE_STRATEGY.md",
    "file_type": "md",
    "indexed_at": "2025-11-24T04:40:26.152850"
  },
  "created": "2025-11-24T04:40:26.152852",
  "confidence": 0.75,
  "connections": []
}