{
  "id": "0be33fd9632c",
  "type": "concept",
  "content": "BOOT_DOWN_PROTOCOL_READ_WHEN_YOU_RETURN.md: # \ud83d\uded1 BOOT DOWN PROTOCOL - READ WHEN YOU RETURN  **Date**: November 5, 2025 **Session**: RECURSIVE_BOO",
  "source": "cyclotron_md",
  "tags": [
    "md",
    "indexed",
    "documentation"
  ],
  "metadata": {
    "path": "C:/Users/dwrek/Desktop\\ARCHIVE_NOV_22\\BACKUP_20251116_145644\\trinity\\BOOT_DOWN_PROTOCOL_READ_WHEN_YOU_RETURN.md",
    "file_type": "md",
    "indexed_at": "2025-11-24T04:40:25.830928"
  },
  "created": "2025-11-24T04:40:25.830931",
  "confidence": 0.75,
  "connections": []
}