{
  "id": "0beacc73b3d6",
  "type": "concept",
  "content": "EXECUTIVE_BRIEFING_ONE_PAGE.md: # \u26a1 EXECUTIVE BRIEFING - ONE PAGE  **Date**: November 5, 2025 **Time**: 6:45 PM **Session**: Autonom",
  "source": "cyclotron_md",
  "tags": [
    "md",
    "indexed",
    "documentation"
  ],
  "metadata": {
    "path": "C:/Users/dwrek/.trinity\\EXECUTIVE_BRIEFING_ONE_PAGE.md",
    "file_type": "md",
    "indexed_at": "2025-11-24T04:40:25.301349"
  },
  "created": "2025-11-24T04:40:25.301351",
  "confidence": 0.75,
  "connections": []
}