{
  "id": "0beae9044e76",
  "type": "interface",
  "content": "monitor.html: <!DOCTYPE html> <html lang=\"en\"> <head>     <meta charset=\"UTF-8\">     <meta name=\"viewport\" content",
  "source": "cyclotron_html",
  "tags": [
    "html",
    "indexed",
    "ui"
  ],
  "metadata": {
    "path": "C:/Users/dwrek/Desktop\\ARCHIVE_NOV_22\\templates\\monitor.html",
    "file_type": "html",
    "indexed_at": "2025-11-24T04:40:26.318932"
  },
  "created": "2025-11-24T04:40:26.318934",
  "confidence": 0.75,
  "connections": []
}