{
  "id": "0bfb7036c03e",
  "type": "concept",
  "content": "C2_FOUNDATION_ARCHITECTURE_BLUEPRINT.md: # \ud83c\udfd7\ufe0f FOUNDATION ARCHITECTURE BLUEPRINT ## C2 Architect - Complete Integration Guide  **Created:** Oc",
  "source": "cyclotron_md",
  "tags": [
    "md",
    "indexed",
    "documentation"
  ],
  "metadata": {
    "path": "C:/Users/dwrek/Desktop\\ARCHIVE_NOV_22\\BACKUP_20251116_145644\\deployment\\C2_FOUNDATION_ARCHITECTURE_BLUEPRINT.md",
    "file_type": "md",
    "indexed_at": "2025-11-24T04:40:25.687002"
  },
  "created": "2025-11-24T04:40:25.687011",
  "confidence": 0.75,
  "connections": []
}