{
  "id": "0c0eb5f22222",
  "type": "fact",
  "content": "recentActions.js: const pagination = require('../../lib/helpers/pagination'); const _ = require('lodash'); const Comme",
  "source": "cyclotron_js",
  "tags": [
    "js",
    "indexed"
  ],
  "metadata": {
    "path": "C:/Users/dwrek/Desktop\\ARCHIVE_NOV_22\\OLD_PROJECTS\\OVERKORE_VIDEO_PLATFORM\\controllers\\frontend\\recentActions.js",
    "file_type": "js",
    "indexed_at": "2025-11-24T04:40:26.023849"
  },
  "created": "2025-11-24T04:40:26.023851",
  "confidence": 0.75,
  "connections": []
}