{
  "id": "0c1b6b858afb",
  "type": "data",
  "content": "C2_ARCHITECT_LOG.json: {   \"instance\": \"C2_ARCHITECT\",   \"role\": \"The Mind - Designs what SHOULD scale\",   \"session_id\": \"R",
  "source": "cyclotron_json",
  "tags": [
    "json",
    "indexed",
    "structure"
  ],
  "metadata": {
    "path": "C:/Users/dwrek/.trinity\\C2_ARCHITECT_LOG.json",
    "file_type": "json",
    "indexed_at": "2025-11-24T04:40:25.273059"
  },
  "created": "2025-11-24T04:40:25.273062",
  "confidence": 0.75,
  "connections": []
}