{
  "id": "0c2aa14d632b",
  "type": "concept",
  "content": "CYCLOTRON_AUDIT_SUMMARY.md: # Cyclotron 13-Phase Audit Results  **Date:** 2025-11-19 22:29:02 **Overall Score:** 92/100  ## Phas",
  "source": "cyclotron_md",
  "tags": [
    "md",
    "indexed",
    "documentation"
  ],
  "metadata": {
    "path": "C:/Users/dwrek/100X_DEPLOYMENT\\CYCLOTRON_AUDIT_SUMMARY.md",
    "file_type": "md",
    "indexed_at": "2025-11-24T04:40:25.092422"
  },
  "created": "2025-11-24T04:40:25.092424",
  "confidence": 0.75,
  "connections": []
}