{
  "id": "0c2a481c0bb7",
  "type": "concept",
  "content": "QUICK_REFERENCE_CARD.md: # \u26a1 TRINITY QUICK REFERENCE CARD \u26a1  **Last Updated:** November 6, 2025 - 5:19 PM PST **System Health",
  "source": "cyclotron_md",
  "tags": [
    "md",
    "indexed",
    "documentation"
  ],
  "metadata": {
    "path": "C:/Users/dwrek/.trinity\\QUICK_REFERENCE_CARD.md",
    "file_type": "md",
    "indexed_at": "2025-11-24T04:40:25.321977"
  },
  "created": "2025-11-24T04:40:25.321980",
  "confidence": 0.75,
  "connections": []
}