{
  "id": "0c436cd7f3a8",
  "type": "concept",
  "content": "AUTONOMOUS_WORK_WHILE_YOU_WALK.md: # \ud83d\udeb6 AUTONOMOUS WORK SESSION - While Commander Walks  **Started:** November 4, 2025, 6:54 AM **Mode:*",
  "source": "cyclotron_md",
  "tags": [
    "md",
    "indexed",
    "documentation"
  ],
  "metadata": {
    "path": "C:/Users/dwrek/Desktop\\ARCHIVE_NOV_22\\ARCHIVED_SESSIONS\\SESSION_2025_11_15\\MISC\\AUTONOMOUS_WORK_WHILE_YOU_WALK.md",
    "file_type": "md",
    "indexed_at": "2025-11-24T04:40:25.524267"
  },
  "created": "2025-11-24T04:40:25.524269",
  "confidence": 0.75,
  "connections": []
}