{
  "id": "0c68bda3834f",
  "type": "tool",
  "content": "CAPTURE_SHUTDOWN_STATE.py: \"\"\" CAPTURE_SHUTDOWN_STATE.py Captures complete system state during shutdown Part of Trinity Boot-Do",
  "source": "cyclotron_py",
  "tags": [
    "py",
    "indexed",
    "code"
  ],
  "metadata": {
    "path": "C:/Users/dwrek/.trinity\\CAPTURE_SHUTDOWN_STATE.py",
    "file_type": "py",
    "indexed_at": "2025-11-24T04:40:25.283516"
  },
  "created": "2025-11-24T04:40:25.283518",
  "confidence": 0.75,
  "connections": []
}