{
  "id": "0c7fb268b8a2",
  "type": "fact",
  "content": "TRINITY_QUICK_REFERENCE.txt: \u2550\u2550\u2550\u2550\u2550\u2550\u2550\u2550\u2550\u2550\u2550\u2550\u2550\u2550\u2550\u2550\u2550\u2550\u2550\u2550\u2550\u2550\u2550\u2550\u2550\u2550\u2550\u2550\u2550\u2550\u2550\u2550\u2550\u2550\u2550\u2550\u2550\u2550\u2550\u2550\u2550\u2550\u2550\u2550\u2550\u2550\u2550\u2550\u2550\u2550\u2550\u2550\u2550\u2550\u2550\u2550\u2550\u2550\u2550\u2550\u2550\u2550\u2550\u2550                 \ud83c\udf00 TRINITY QUICK REF",
  "source": "cyclotron_txt",
  "tags": [
    "txt",
    "indexed"
  ],
  "metadata": {
    "path": "C:/Users/dwrek/Desktop\\ARCHIVE_NOV_22\\OLD_PROJECTS\\\u2705 COMPLETED_WORK\\_ORGANIZED_FILES\\Documents\\TRINITY_QUICK_REFERENCE.txt",
    "file_type": "txt",
    "indexed_at": "2025-11-24T04:40:26.193363"
  },
  "created": "2025-11-24T04:40:26.193367",
  "confidence": 0.75,
  "connections": []
}