{
  "id": "0c94be1f9c18",
  "type": "data",
  "content": "c3_outbox.json: {   \"messages\": [     {       \"id\": \"b6b1ad81\",       \"sender\": \"c3\",       \"recipient\": \"c1\",      ",
  "source": "cyclotron_json",
  "tags": [
    "json",
    "indexed",
    "structure"
  ],
  "metadata": {
    "path": "C:/Users/dwrek/.trinity\\a2a_messages\\c3_outbox.json",
    "file_type": "json",
    "indexed_at": "2025-11-24T04:40:25.368176"
  },
  "created": "2025-11-24T04:40:25.368179",
  "confidence": 0.75,
  "connections": []
}