{
  "id": "0c9cb67e4893",
  "type": "fact",
  "content": "WHERE_ARE_MY_FILES.txt: \ud83d\udcc1 WHERE ARE ALL MY FILES?  ALL FILES ARE IN ONE PLACE:    C:\\Users\\dwrek\\100X_DEPLOYMENT  HOW TO GET",
  "source": "cyclotron_txt",
  "tags": [
    "txt",
    "indexed"
  ],
  "metadata": {
    "path": "C:/Users/dwrek/Desktop\\ARCHIVE_NOV_22\\OLD_DOCS\\WHERE_ARE_MY_FILES.txt",
    "file_type": "txt",
    "indexed_at": "2025-11-24T04:40:25.917142"
  },
  "created": "2025-11-24T04:40:25.917144",
  "confidence": 0.75,
  "connections": []
}