{
  "id": "0cb27fb2f497",
  "type": "interface",
  "content": "COMMANDER_CONTROL_PANEL.html: <!DOCTYPE html> <html> <head>     <title>Commander Control Panel</title>     <style>         * {    ",
  "source": "cyclotron_html",
  "tags": [
    "html",
    "indexed",
    "ui"
  ],
  "metadata": {
    "path": "C:/Users/dwrek/Desktop\\ARCHIVE_NOV_22\\OLD_PROJECTS\\\u2705 COMPLETED_WORK\\_ORGANIZED_FILES\\HTML_Pages\\COMMANDER_CONTROL_PANEL.html",
    "file_type": "html",
    "indexed_at": "2025-11-24T04:40:26.204014"
  },
  "created": "2025-11-24T04:40:26.204017",
  "confidence": 0.75,
  "connections": []
}