{
  "id": "0cc39379f63e",
  "type": "concept",
  "content": "TRINITY_CONVERGENCE_REPORT_OCT_23.md: # \ud83c\udf00 TRINITY CONVERGENCE REPORT \ud83c\udf00 **Session ID:** 2025-10-23-17:33:00 **Problem:** System reconvergen",
  "source": "cyclotron_md",
  "tags": [
    "md",
    "indexed",
    "documentation"
  ],
  "metadata": {
    "path": "C:/Users/dwrek/Desktop\\ARCHIVE_NOV_22\\BACKUP_20251116_145644\\deployment\\TRINITY_CONVERGENCE_REPORT_OCT_23.md",
    "file_type": "md",
    "indexed_at": "2025-11-24T04:40:25.800640"
  },
  "created": "2025-11-24T04:40:25.800643",
  "confidence": 0.75,
  "connections": []
}