{
  "id": "0cf7db27b447",
  "type": "data",
  "content": "BACKUP_SYSTEM_REPORT.json: {   \"timestamp\": \"2025-11-08T09:12:32.390650\",   \"backup_system_status\": \"operational\",   \"available",
  "source": "cyclotron_json",
  "tags": [
    "json",
    "indexed",
    "structure"
  ],
  "metadata": {
    "path": "C:/Users/dwrek/Desktop\\ARCHIVE_NOV_22\\BACKUP_20251116_145644\\deployment\\BACKUP_SYSTEM_REPORT.json",
    "file_type": "json",
    "indexed_at": "2025-11-24T04:40:25.673251"
  },
  "created": "2025-11-24T04:40:25.673253",
  "confidence": 0.75,
  "connections": []
}