{
  "id": "0d0bc0612c57",
  "type": "concept",
  "content": "ESCALATION_JUSTIFICATION_20K_100K.md: # ESCALATION JUSTIFICATION: $2,760 \u2192 $20,000 \u2192 $100,000  **Public Statement Made:** \"After tomorrow ",
  "source": "cyclotron_md",
  "tags": [
    "md",
    "indexed",
    "documentation"
  ],
  "metadata": {
    "path": "C:/Users/dwrek/Desktop\\ARCHIVE_NOV_22\\ARCHIVED_SESSIONS\\SESSION_2025_11_15\\MISC\\ESCALATION_JUSTIFICATION_20K_100K.md",
    "file_type": "md",
    "indexed_at": "2025-11-24T04:40:25.537520"
  },
  "created": "2025-11-24T04:40:25.537522",
  "confidence": 0.75,
  "connections": []
}