{
  "id": "0d18dd201fcf",
  "type": "concept",
  "content": "TESTING_GUIDE.md: # \ud83e\uddea PHILOSOPHER AI - COMPLETE TESTING GUIDE  **Quick guide to test the entire system end-to-end**  C",
  "source": "cyclotron_md",
  "tags": [
    "md",
    "indexed",
    "documentation"
  ],
  "metadata": {
    "path": "C:/Users/dwrek/100X_DEPLOYMENT\\BACKEND\\philosopher-ai\\TESTING_GUIDE.md",
    "file_type": "md",
    "indexed_at": "2025-11-24T04:40:25.131698"
  },
  "created": "2025-11-24T04:40:25.131700",
  "confidence": 0.75,
  "connections": []
}