{
  "id": "0d2a6780b50d",
  "type": "interface",
  "content": "MULTI_AI_ORCHESTRATION_DASHBOARD.html: <!DOCTYPE html> <html lang=\"en\"> <head>     <meta charset=\"UTF-8\">     <meta name=\"viewport\" content",
  "source": "cyclotron_html",
  "tags": [
    "html",
    "indexed",
    "ui"
  ],
  "metadata": {
    "path": "C:/Users/dwrek/Desktop\\ARCHIVE_NOV_22\\ARCHIVED_SESSIONS\\SESSION_2025_11_15\\MISC\\MULTI_AI_ORCHESTRATION_DASHBOARD.html",
    "file_type": "html",
    "indexed_at": "2025-11-24T04:40:25.544157"
  },
  "created": "2025-11-24T04:40:25.544160",
  "confidence": 0.75,
  "connections": []
}