{
  "id": "0d3cfbecefb5",
  "type": "fact",
  "content": "\u2705 HOW TO SEND GITHUB INVITE.txt: \u2550\u2550\u2550\u2550\u2550\u2550\u2550\u2550\u2550\u2550\u2550\u2550\u2550\u2550\u2550\u2550\u2550\u2550\u2550\u2550\u2550\u2550\u2550\u2550\u2550\u2550\u2550\u2550\u2550\u2550\u2550\u2550\u2550\u2550\u2550\u2550\u2550\u2550\u2550\u2550\u2550\u2550\u2550\u2550\u2550\u2550\u2550\u2550\u2550\u2550\u2550\u2550\u2550\u2550\u2550\u2550\u2550\u2550\u2550\u2550\u2550\u2550\u2550 \u2705 HOW TO SEND JOSHUA SERRANO GITHUB ",
  "source": "cyclotron_txt",
  "tags": [
    "txt",
    "indexed"
  ],
  "metadata": {
    "path": "C:/Users/dwrek/Desktop\\ARCHIVE_NOV_22\\ARCHIVED_INSTRUCTIONS\\\u2705 HOW TO SEND GITHUB INVITE.txt",
    "file_type": "txt",
    "indexed_at": "2025-11-24T04:40:25.484749"
  },
  "created": "2025-11-24T04:40:25.484752",
  "confidence": 0.75,
  "connections": []
}