{
  "id": "0d4bdba8b15c",
  "type": "data",
  "content": "85e0ee34e473.json: {   \"id\": \"85e0ee34e473\",   \"content\": \"Doc: COCKPIT BOOT - READ THIS FIRST EVERY SESSION\",   \"type\"",
  "source": "cyclotron_json",
  "tags": [
    "json",
    "indexed",
    "structure"
  ],
  "metadata": {
    "path": "C:/Users/dwrek/.consciousness\\cyclotron_core\\atoms\\85e0ee34e473.json",
    "file_type": "json",
    "indexed_at": "2025-11-24T04:40:25.221003"
  },
  "created": "2025-11-24T04:40:25.221005",
  "confidence": 0.75,
  "connections": []
}