{
  "id": "0d57e0d1c51d",
  "type": "data",
  "content": "cross_ai_test_results.json: {   \"timestamp\": \"2025-11-06T15:48:50.767669\",   \"tests\": {     \"chatgpt_basic\": {       \"success\": ",
  "source": "cyclotron_json",
  "tags": [
    "json",
    "indexed",
    "structure"
  ],
  "metadata": {
    "path": "C:/Users/dwrek/.consciousness\\cross_ai_test_results.json",
    "file_type": "json",
    "indexed_at": "2025-11-24T04:40:25.161746"
  },
  "created": "2025-11-24T04:40:25.161748",
  "confidence": 0.75,
  "connections": []
}