{
  "id": "0d5cb7e7e873",
  "type": "fact",
  "content": "useUploadPicture.js:   import { useState } from \"react\";   import firebase from \"firebase/compat\";   import \"firebase/com",
  "source": "cyclotron_js",
  "tags": [
    "js",
    "indexed"
  ],
  "metadata": {
    "path": "C:/Users/dwrek/Desktop\\ARCHIVE_NOV_22\\OLD_PROJECTS\\INSTAGRAM_FULL_FEATURES\\src\\hooks\\useUploadPicture.js",
    "file_type": "js",
    "indexed_at": "2025-11-24T04:40:25.976107"
  },
  "created": "2025-11-24T04:40:25.976109",
  "confidence": 0.75,
  "connections": []
}