{
  "id": "0d6a87e74450",
  "type": "tool",
  "content": "KNOWLEDGE_EXPORT_SYSTEM.py: #!/usr/bin/env python3 \"\"\" KNOWLEDGE EXPORT SYSTEM Package and transfer knowledge between systems sa",
  "source": "cyclotron_py",
  "tags": [
    "py",
    "indexed",
    "code"
  ],
  "metadata": {
    "path": "C:/Users/dwrek/100X_DEPLOYMENT\\KNOWLEDGE_EXPORT_SYSTEM.py",
    "file_type": "py",
    "indexed_at": "2025-11-24T04:40:25.103162"
  },
  "created": "2025-11-24T04:40:25.103166",
  "confidence": 0.75,
  "connections": []
}