{
  "id": "0d8f62f26526",
  "type": "concept",
  "content": "SECURITY_SCAN_REPORT_2025_11_23.md: # SECURITY SCAN REPORT ## Date: 2025-11-23 ## Scanner: T1_Desktop (Autonomous Security Audit)  ---  ",
  "source": "cyclotron_md",
  "tags": [
    "md",
    "indexed",
    "documentation"
  ],
  "metadata": {
    "path": "C:/Users/dwrek/100X_DEPLOYMENT\\SECURITY_SCAN_REPORT_2025_11_23.md",
    "file_type": "md",
    "indexed_at": "2025-11-24T04:40:25.114954"
  },
  "created": "2025-11-24T04:40:25.114957",
  "confidence": 0.75,
  "connections": []
}