{
  "id": "0d94d45483ca",
  "type": "concept",
  "content": "CREATE_3RD_ANTHROPIC_EMAIL.md: # \ud83d\udce7 CREATE 3RD EMAIL FOR ANTHROPIC ACCOUNT  **Current:** Gmail Anthropic + Proton Anthropic **Need:*",
  "source": "cyclotron_md",
  "tags": [
    "md",
    "indexed",
    "documentation"
  ],
  "metadata": {
    "path": "C:/Users/dwrek/.trinity\\CREATE_3RD_ANTHROPIC_EMAIL.md",
    "file_type": "md",
    "indexed_at": "2025-11-24T04:40:25.295311"
  },
  "created": "2025-11-24T04:40:25.295313",
  "confidence": 0.75,
  "connections": []
}