{
  "id": "0d9f1c6555f2",
  "type": "interface",
  "content": "RESPONSE_PLANNER.html: <!DOCTYPE html> <html lang=\"en\"> <head>     <meta charset=\"UTF-8\">     <meta name=\"viewport\" content",
  "source": "cyclotron_html",
  "tags": [
    "html",
    "indexed",
    "ui"
  ],
  "metadata": {
    "path": "C:/Users/dwrek/100X_DEPLOYMENT\\RESPONSE_PLANNER.html",
    "file_type": "html",
    "indexed_at": "2025-11-24T04:40:25.113427"
  },
  "created": "2025-11-24T04:40:25.113429",
  "confidence": 0.75,
  "connections": []
}