{
  "id": "0da4c4f0fce5",
  "type": "fact",
  "content": "redis.js: const Promise = require('bluebird'); var redis = require('redis');  if(process.env.REDIS_URL){    co",
  "source": "cyclotron_js",
  "tags": [
    "js",
    "indexed"
  ],
  "metadata": {
    "path": "C:/Users/dwrek/Desktop\\ARCHIVE_NOV_22\\OLD_PROJECTS\\OVERKORE_VIDEO_PLATFORM\\config\\redis.js",
    "file_type": "js",
    "indexed_at": "2025-11-24T04:40:26.017759"
  },
  "created": "2025-11-24T04:40:26.017763",
  "confidence": 0.75,
  "connections": []
}