{
  "id": "0da46e9c45db",
  "type": "concept",
  "content": "WEEK_3_COMPLETE_SUMMARY.md: # \ud83d\udd25 WEEK 3 BUILD COMPLETE! \ud83d\udd25  **Date:** October 16, 2025 - Evening **Build Time:** ~2 hours (autonom",
  "source": "cyclotron_md",
  "tags": [
    "md",
    "indexed",
    "documentation"
  ],
  "metadata": {
    "path": "C:/Users/dwrek/Desktop\\ARCHIVE_NOV_22\\OLD_PROJECTS\\\u2705 COMPLETED_WORK\\_ORGANIZED_FILES\\Documents\\WEEK_3_COMPLETE_SUMMARY.md",
    "file_type": "md",
    "indexed_at": "2025-11-24T04:40:26.198623"
  },
  "created": "2025-11-24T04:40:26.198628",
  "confidence": 0.75,
  "connections": []
}