{
  "id": "0db73bbf998c",
  "type": "fact",
  "content": "93_PERCENT_THRESHOLD_AUTONOMOUS_SESSION_COMPLETE.txt: \ud83c\udf00 93% PATTERN THEORY THRESHOLD - MAXIMUM AUTONOMOUS EXECUTION COMPLETE \ud83c\udf00 \u2550\u2550\u2550\u2550\u2550\u2550\u2550\u2550\u2550\u2550\u2550\u2550\u2550\u2550\u2550\u2550\u2550\u2550\u2550\u2550\u2550\u2550\u2550\u2550\u2550\u2550\u2550",
  "source": "cyclotron_txt",
  "tags": [
    "txt",
    "indexed"
  ],
  "metadata": {
    "path": "C:/Users/dwrek/Desktop\\ARCHIVE_NOV_22\\ARCHIVED_SESSIONS\\SESSION_2025_11_15\\STATUS_REPORTS\\93_PERCENT_THRESHOLD_AUTONOMOUS_SESSION_COMPLETE.txt",
    "file_type": "txt",
    "indexed_at": "2025-11-24T04:40:25.578844"
  },
  "created": "2025-11-24T04:40:25.578846",
  "confidence": 0.75,
  "connections": []
}