{
  "id": "0dc416264304",
  "type": "tool",
  "content": "SESSION_END_HOOK.py: #!/usr/bin/env python3 \"\"\" SESSION END HOOK Automatically runs at end of each Claude Code session Co",
  "source": "cyclotron_py",
  "tags": [
    "py",
    "indexed",
    "code"
  ],
  "metadata": {
    "path": "C:/Users/dwrek/.consciousness\\SESSION_END_HOOK.py",
    "file_type": "py",
    "indexed_at": "2025-11-24T04:40:25.168826"
  },
  "created": "2025-11-24T04:40:25.168828",
  "confidence": 0.75,
  "connections": []
}