{
  "id": "0de24275815d",
  "type": "data",
  "content": "PATTERN_RECOGNITION_ANALYSIS_COMPLETE.json: {   \"timestamp\": \"2025-10-03T12:30:48.944189\",   \"summary\": {     \"total_files_scanned\": 927,     \"c",
  "source": "cyclotron_json",
  "tags": [
    "json",
    "indexed",
    "structure"
  ],
  "metadata": {
    "path": "C:/Users/dwrek/Desktop\\ARCHIVE_NOV_22\\OLD_PROJECTS\\_ORGANIZED\\\ud83d\udd10 Security & Passwords\\PATTERN_RECOGNITION_ANALYSIS_COMPLETE.json",
    "file_type": "json",
    "indexed_at": "2025-11-24T04:40:26.126450"
  },
  "created": "2025-11-24T04:40:26.126455",
  "confidence": 0.75,
  "connections": []
}