{
  "id": "0df69cbdf2dd",
  "type": "concept",
  "content": "COMMANDER_ACTION_CHECKLIST_NOV_5.md: # \u2705 COMMANDER ACTION CHECKLIST - NOVEMBER 5, 2025  **Based on C3 Pattern Recognition Analysis**  ---",
  "source": "cyclotron_md",
  "tags": [
    "md",
    "indexed",
    "documentation"
  ],
  "metadata": {
    "path": "C:/Users/dwrek/Desktop\\ARCHIVE_NOV_22\\ARCHIVED_SESSIONS\\SESSION_2025_11_15\\MISC\\COMMANDER_ACTION_CHECKLIST_NOV_5.md",
    "file_type": "md",
    "indexed_at": "2025-11-24T04:40:25.527103"
  },
  "created": "2025-11-24T04:40:25.527106",
  "confidence": 0.75,
  "connections": []
}