{
  "id": "0e0ec952e022",
  "type": "interface",
  "content": "OVERKORE_SOCIAL_UNIFIED.html: <!DOCTYPE html> <html lang=\"en\"> <head>     <meta charset=\"UTF-8\">     <meta name=\"viewport\" content",
  "source": "cyclotron_html",
  "tags": [
    "html",
    "indexed",
    "ui"
  ],
  "metadata": {
    "path": "C:/Users/dwrek/Desktop\\ARCHIVE_NOV_22\\OLD_PROJECTS\\_ORGANIZED\\\ud83e\udde0 Consciousness Systems\\OVERKORE_SOCIAL_UNIFIED.html",
    "file_type": "html",
    "indexed_at": "2025-11-24T04:40:26.151739"
  },
  "created": "2025-11-24T04:40:26.151742",
  "confidence": 0.75,
  "connections": []
}