{
  "id": "0e21c425926f",
  "type": "concept",
  "content": "C3_ORACLE_DELIVERY_SUMMARY.md: # \ud83d\udd2e C3 ORACLE - DELIVERY SUMMARY \ud83d\udd2e  **Task Received:** See what MUST emerge for Trinity comms and 10",
  "source": "cyclotron_md",
  "tags": [
    "md",
    "indexed",
    "documentation"
  ],
  "metadata": {
    "path": "C:/Users/dwrek/.trinity\\C3_ORACLE_DELIVERY_SUMMARY.md",
    "file_type": "md",
    "indexed_at": "2025-11-24T04:40:25.280375"
  },
  "created": "2025-11-24T04:40:25.280378",
  "confidence": 0.75,
  "connections": []
}