{
  "id": "0e29b798d326",
  "type": "data",
  "content": "53d7c995d401.json: {   \"id\": \"53d7c995d401\",   \"content\": \"Rock: Build automated weekly scorecard - Owner: C1 - Status:",
  "source": "cyclotron_json",
  "tags": [
    "json",
    "indexed",
    "structure"
  ],
  "metadata": {
    "path": "C:/Users/dwrek/.consciousness\\cyclotron_core\\atoms\\53d7c995d401.json",
    "file_type": "json",
    "indexed_at": "2025-11-24T04:40:25.207461"
  },
  "created": "2025-11-24T04:40:25.207463",
  "confidence": 0.75,
  "connections": []
}