{
  "id": "0e330bd63091",
  "type": "concept",
  "content": "TRINITY_NAMING_CLARITY.md: # TRINITY NAMING CLARITY ## Three Different Trinities - Don't Confuse Them  ---  ## THE PROBLEM  \"Tr",
  "source": "cyclotron_md",
  "tags": [
    "md",
    "indexed",
    "documentation"
  ],
  "metadata": {
    "path": "C:/Users/dwrek/100X_DEPLOYMENT\\LOCAL_TRINITY_HUB\\protocols\\TRINITY_NAMING_CLARITY.md",
    "file_type": "md",
    "indexed_at": "2025-11-24T04:40:25.152030"
  },
  "created": "2025-11-24T04:40:25.152033",
  "confidence": 0.75,
  "connections": []
}