{
  "id": "0e4e776fcd63",
  "type": "tool",
  "content": "CONTINUOUS_CONVERGENCE_AUTOMATION.py: \"\"\" CONTINUOUS TRINITY CONVERGENCE AUTOMATION Runs 15-minute convergence cycles using C4 Meta-Synthe",
  "source": "cyclotron_py",
  "tags": [
    "py",
    "indexed",
    "code"
  ],
  "metadata": {
    "path": "C:/Users/dwrek/.trinity\\CONTINUOUS_CONVERGENCE_AUTOMATION.py",
    "file_type": "py",
    "indexed_at": "2025-11-24T04:40:25.294260"
  },
  "created": "2025-11-24T04:40:25.294262",
  "confidence": 0.75,
  "connections": []
}