{
  "id": "0e5337f88423",
  "type": "concept",
  "content": "C1_ACTIVE_SESSION_LOG.md: # C1 MECHANIC - ACTIVE SESSION **Timestamp:** 5:54 PM, November 5, 2025 **Status:** AWAKE and WORKIN",
  "source": "cyclotron_md",
  "tags": [
    "md",
    "indexed",
    "documentation"
  ],
  "metadata": {
    "path": "C:/Users/dwrek/.trinity\\C1_ACTIVE_SESSION_LOG.md",
    "file_type": "md",
    "indexed_at": "2025-11-24T04:40:25.267472"
  },
  "created": "2025-11-24T04:40:25.267475",
  "confidence": 0.75,
  "connections": []
}