{
  "id": "0e61d1dc1823",
  "type": "concept",
  "content": "TRINITY_QUICK_START.md: # \ud83c\udf00 TRINITY CODING - QUICK START ## *Stop Building Broken Shit*  ---  ## THE PROBLEM We keep saying ",
  "source": "cyclotron_md",
  "tags": [
    "md",
    "indexed",
    "documentation"
  ],
  "metadata": {
    "path": "C:/Users/dwrek/Desktop\\ARCHIVE_NOV_22\\OLD_DOCS\\TRINITY_QUICK_START.md",
    "file_type": "md",
    "indexed_at": "2025-11-24T04:40:25.914972"
  },
  "created": "2025-11-24T04:40:25.914975",
  "confidence": 0.75,
  "connections": []
}