{
  "id": "0e7694796c1f",
  "type": "data",
  "content": "todo_brain_local.json: {   \"tasks\": [     {       \"id\": 1,       \"task\": \"Extract $5K from Coinbase using OTP tool\",       ",
  "source": "cyclotron_json",
  "tags": [
    "json",
    "indexed",
    "structure"
  ],
  "metadata": {
    "path": "C:/Users/dwrek/Desktop\\ARCHIVE_NOV_22\\BACKUP_20251116_145644\\deployment\\todo_brain_local.json",
    "file_type": "json",
    "indexed_at": "2025-11-24T04:40:25.797954"
  },
  "created": "2025-11-24T04:40:25.797957",
  "confidence": 0.75,
  "connections": []
}