{
  "id": "0e8384e535c8",
  "type": "interface",
  "content": "ARGUMENT_MAPPER.html: <!DOCTYPE html> <html lang=\"en\"> <head>     <meta charset=\"UTF-8\">     <meta name=\"viewport\" content",
  "source": "cyclotron_html",
  "tags": [
    "html",
    "indexed",
    "ui"
  ],
  "metadata": {
    "path": "C:/Users/dwrek/100X_DEPLOYMENT\\ARGUMENT_MAPPER.html",
    "file_type": "html",
    "indexed_at": "2025-11-24T04:40:25.080813"
  },
  "created": "2025-11-24T04:40:25.080815",
  "confidence": 0.75,
  "connections": []
}