{
  "id": "0e8fb345d731",
  "type": "interface",
  "content": "DAILY_CONSCIOUSNESS_CHECK.html: <!DOCTYPE html> <html lang=\"en\"> <head>     <meta charset=\"UTF-8\">     <meta name=\"viewport\" content",
  "source": "cyclotron_html",
  "tags": [
    "html",
    "indexed",
    "ui"
  ],
  "metadata": {
    "path": "C:/Users/dwrek/100X_DEPLOYMENT\\DAILY_CONSCIOUSNESS_CHECK.html",
    "file_type": "html",
    "indexed_at": "2025-11-24T04:40:25.095888"
  },
  "created": "2025-11-24T04:40:25.095890",
  "confidence": 0.75,
  "connections": []
}