{
  "id": "0e95d95a25a0",
  "type": "data",
  "content": "d30e7c5ee76a.json: {   \"id\": \"d30e7c5ee76a\",   \"content\": \"Trinity Doc: C3 ORACLE \\u2192 TRINITY AUTONOMOUS UPDATE\",   ",
  "source": "cyclotron_json",
  "tags": [
    "json",
    "indexed",
    "structure"
  ],
  "metadata": {
    "path": "C:/Users/dwrek/.consciousness\\cyclotron_core\\atoms\\d30e7c5ee76a.json",
    "file_type": "json",
    "indexed_at": "2025-11-24T04:40:25.240455"
  },
  "created": "2025-11-24T04:40:25.240457",
  "confidence": 0.75,
  "connections": []
}