{
  "id": "0e9c289546e9",
  "type": "concept",
  "content": "SESSION_INDEX.md: # Desktop Organization - November 15, 2025  ## Summary  - Files organized: 671 - Categories: 11 - Lo",
  "source": "cyclotron_md",
  "tags": [
    "md",
    "indexed",
    "documentation"
  ],
  "metadata": {
    "path": "C:/Users/dwrek/Desktop\\ARCHIVE_NOV_22\\ARCHIVED_SESSIONS\\SESSION_2025_11_15\\SESSION_INDEX.md",
    "file_type": "md",
    "indexed_at": "2025-11-24T04:40:25.497315"
  },
  "created": "2025-11-24T04:40:25.497319",
  "confidence": 0.75,
  "connections": []
}