{
  "id": "0ea2c0d30243",
  "type": "fact",
  "content": "READY_TO_DEPLOY.txt: =========================================== 100X PATTERN FILTER - DEPLOYMENT READY =================",
  "source": "cyclotron_txt",
  "tags": [
    "txt",
    "indexed"
  ],
  "metadata": {
    "path": "C:/Users/dwrek/Desktop\\ARCHIVE_NOV_22\\BACKUP_20251116_145644\\deployment\\READY_TO_DEPLOY.txt",
    "file_type": "txt",
    "indexed_at": "2025-11-24T04:40:25.770738"
  },
  "created": "2025-11-24T04:40:25.770740",
  "confidence": 0.75,
  "connections": []
}