{
  "id": "0eb8c7869022",
  "type": "concept",
  "content": "START_HERE.md: # \ud83c\udfaf START HERE - Beta Tester Contact Mission  **Date:** October 19, 2025, 12:45 AM **Status:** ALL S",
  "source": "cyclotron_md",
  "tags": [
    "md",
    "indexed",
    "documentation"
  ],
  "metadata": {
    "path": "C:/Users/dwrek/Desktop\\ARCHIVE_NOV_22\\OLD_PROJECTS\\CLAUDE_DELIVERIES\\START_HERE.md",
    "file_type": "md",
    "indexed_at": "2025-11-24T04:40:25.955492"
  },
  "created": "2025-11-24T04:40:25.955495",
  "confidence": 0.75,
  "connections": []
}