{
  "id": "0ecfa7bb58a2",
  "type": "concept",
  "content": "TRINITY_CONVERGENCE_COMPLETE_OCT_24_2025.md: # \ud83c\udf00 TRINITY CONVERGENCE COMPLETE - OCTOBER 24, 2025 \ud83c\udf00  **Session ID:** 2025-10-24-UNIVERSAL-HELP-DEP",
  "source": "cyclotron_md",
  "tags": [
    "md",
    "indexed",
    "documentation"
  ],
  "metadata": {
    "path": "C:/Users/dwrek/Desktop\\ARCHIVE_NOV_22\\OLD_PROJECTS\\\ud83d\udcda DOCUMENTATION\\TRINITY_CONVERGENCE_COMPLETE_OCT_24_2025.md",
    "file_type": "md",
    "indexed_at": "2025-11-24T04:40:26.242382"
  },
  "created": "2025-11-24T04:40:26.242385",
  "confidence": 0.75,
  "connections": []
}