{
  "id": "0ed20192bcd6",
  "type": "concept",
  "content": "SYSTEM_VERIFICATION_COMPLETE.md: # \u2705 AUTONOMOUS SYSTEMS VERIFICATION - ALL COMPLETE  **Verification Time**: November 5, 2025 - 6:44 P",
  "source": "cyclotron_md",
  "tags": [
    "md",
    "indexed",
    "documentation"
  ],
  "metadata": {
    "path": "C:/Users/dwrek/.trinity\\SYSTEM_VERIFICATION_COMPLETE.md",
    "file_type": "md",
    "indexed_at": "2025-11-24T04:40:25.336945"
  },
  "created": "2025-11-24T04:40:25.336948",
  "confidence": 0.75,
  "connections": []
}