{
  "id": "0ed731472442",
  "type": "fact",
  "content": "authentication.js: // user has plus  function adminAuth(req, res, next){   if(!req.user){     res.status(404);     retu",
  "source": "cyclotron_js",
  "tags": [
    "js",
    "indexed"
  ],
  "metadata": {
    "path": "C:/Users/dwrek/Desktop\\ARCHIVE_NOV_22\\OLD_PROJECTS\\OVERKORE_VIDEO_PLATFORM\\middlewares\\shared\\authentication.js",
    "file_type": "js",
    "indexed_at": "2025-11-24T04:40:26.048448"
  },
  "created": "2025-11-24T04:40:26.048450",
  "confidence": 0.75,
  "connections": []
}