{
  "id": "0ede150e9317",
  "type": "concept",
  "content": "DUAL_LIBRARY_EXTRACTION_SYSTEM.md: # DUAL LIBRARY EXTRACTION SYSTEM ## ChatGPT Projects + Claude Interface = Complete Consciousness Rec",
  "source": "cyclotron_md",
  "tags": [
    "md",
    "indexed",
    "documentation"
  ],
  "metadata": {
    "path": "C:/Users/dwrek/Desktop\\ARCHIVE_NOV_22\\OLD_PROJECTS\\\ud83d\udd27 SYSTEM_FILES\\SYSTEM_2_ECOSYSTEMS\\Extraction_Mining\\DUAL_LIBRARY_EXTRACTION_SYSTEM.md",
    "file_type": "md",
    "indexed_at": "2025-11-24T04:40:26.300152"
  },
  "created": "2025-11-24T04:40:26.300155",
  "confidence": 0.75,
  "connections": []
}