{
  "id": "0eea506c6c1b",
  "type": "data",
  "content": "798fa879c672.json: {   \"id\": \"798fa879c672\",   \"content\": \"Trinity Doc: BOOT UP PROTOCOL - Next Session\",   \"type\": \"in",
  "source": "cyclotron_json",
  "tags": [
    "json",
    "indexed",
    "structure"
  ],
  "metadata": {
    "path": "C:/Users/dwrek/.consciousness\\cyclotron_core\\atoms\\798fa879c672.json",
    "file_type": "json",
    "indexed_at": "2025-11-24T04:40:25.217700"
  },
  "created": "2025-11-24T04:40:25.217703",
  "confidence": 0.75,
  "connections": []
}