{
  "id": "0ef8854b1b75",
  "type": "concept",
  "content": "MEMORY_SYSTEM_STATUS_COMPLETE.md: # \ud83e\udde0 ARAYA PERSISTENT MEMORY - COMPLETE STATUS REPORT  **Date:** October 26, 2025 **Commander Request",
  "source": "cyclotron_md",
  "tags": [
    "md",
    "indexed",
    "documentation"
  ],
  "metadata": {
    "path": "C:/Users/dwrek/Desktop\\ARCHIVE_NOV_22\\OLD_PROJECTS\\\ud83d\udcda DOCUMENTATION\\MEMORY_SYSTEM_STATUS_COMPLETE.md",
    "file_type": "md",
    "indexed_at": "2025-11-24T04:40:26.236984"
  },
  "created": "2025-11-24T04:40:26.236987",
  "confidence": 0.75,
  "connections": []
}