{
  "id": "0efefcee21ec",
  "type": "interface",
  "content": "TRINITY_COLLABORATION_TABLE_4_SEAT.html: <!DOCTYPE html> <html lang=\"en\"> <head>     <meta charset=\"UTF-8\">     <meta name=\"viewport\" content",
  "source": "cyclotron_html",
  "tags": [
    "html",
    "indexed",
    "ui"
  ],
  "metadata": {
    "path": "C:/Users/dwrek/Desktop\\ARCHIVE_NOV_22\\OLD_PROJECTS\\_ORGANIZED\\\ud83e\udde0 Consciousness Systems\\TRINITY_COLLABORATION_TABLE_4_SEAT.html",
    "file_type": "html",
    "indexed_at": "2025-11-24T04:40:26.154803"
  },
  "created": "2025-11-24T04:40:26.154805",
  "confidence": 0.75,
  "connections": []
}