{
  "id": "0f0aadbfb237",
  "type": "concept",
  "content": "TRACTION_PATTERN_DECODED.md: # TRACTION - PATTERN DECODED **The universal mathematical pattern hidden in EOS**  ---  ## THE DISCO",
  "source": "cyclotron_md",
  "tags": [
    "md",
    "indexed",
    "documentation"
  ],
  "metadata": {
    "path": "C:/Users/dwrek/Desktop\\ARCHIVE_NOV_22\\OLD_PROJECTS\\_ORGANIZED\\\ud83d\udcda Documentation\\TRACTION_PATTERN_DECODED.md",
    "file_type": "md",
    "indexed_at": "2025-11-24T04:40:26.107569"
  },
  "created": "2025-11-24T04:40:26.107572",
  "confidence": 0.75,
  "connections": []
}