{
  "id": "0f14244ce8b6",
  "type": "concept",
  "content": "INSTALLATION_CHECKLIST.md: # Computer 2 Installation Checklist  ## Pre-Installation Requirements  - [ ] Python 3.8+ installed -",
  "source": "cyclotron_md",
  "tags": [
    "md",
    "indexed",
    "documentation"
  ],
  "metadata": {
    "path": "C:/Users/dwrek/Desktop\\ARCHIVE_NOV_22\\COMPUTER_2_PACKAGE\\INSTALLATION_CHECKLIST.md",
    "file_type": "md",
    "indexed_at": "2025-11-24T04:40:25.898102"
  },
  "created": "2025-11-24T04:40:25.898104",
  "confidence": 0.75,
  "connections": []
}