{
  "id": "0f14b10a9d11",
  "type": "concept",
  "content": "FUTURE_DOOR_IMPROVEMENTS.md: # \ud83d\udeaa FUTURE DOOR IMPROVEMENTS - ADVANCED SECURITY ARCHITECTURE  *Commander's Vision: \"It would be eve",
  "source": "cyclotron_md",
  "tags": [
    "md",
    "indexed",
    "documentation"
  ],
  "metadata": {
    "path": "C:/Users/dwrek/Desktop\\ARCHIVE_NOV_22\\BACKUP_20251116_145644\\deployment\\FUTURE_DOOR_IMPROVEMENTS.md",
    "file_type": "md",
    "indexed_at": "2025-11-24T04:40:25.728605"
  },
  "created": "2025-11-24T04:40:25.728608",
  "confidence": 0.75,
  "connections": []
}