{
  "id": "0f1e2c7353ba",
  "type": "fact",
  "content": "\ud83d\udd34 PUT THIS ON COMPUTER 2.txt: COPY THIS FILE TO COMPUTER 2/3 DESKTOP  \u2550\u2550\u2550\u2550\u2550\u2550\u2550\u2550\u2550\u2550\u2550\u2550\u2550\u2550\u2550\u2550\u2550\u2550\u2550\u2550\u2550\u2550\u2550\u2550\u2550\u2550\u2550\u2550\u2550\u2550\u2550\u2550\u2550\u2550\u2550\u2550\u2550\u2550\u2550\u2550\u2550\u2550\u2550\u2550\u2550\u2550\u2550\u2550\u2550\u2550\u2550\u2550\u2550\u2550\u2550\u2550\u2550\u2550\u2550\u2550",
  "source": "cyclotron_txt",
  "tags": [
    "txt",
    "indexed"
  ],
  "metadata": {
    "path": "C:/Users/dwrek/Desktop\\ARCHIVE_NOV_22\\ARCHIVED_SESSIONS\\SESSION_2025_11_15\\MISC\\\ud83d\udd34 PUT THIS ON COMPUTER 2.txt",
    "file_type": "txt",
    "indexed_at": "2025-11-24T04:40:25.574658"
  },
  "created": "2025-11-24T04:40:25.574660",
  "confidence": 0.75,
  "connections": []
}