{
  "id": "0f3d8158e555",
  "type": "fact",
  "content": "AdminAction.js: const mongoose = require('mongoose');  const javascriptTimeAgo = require('javascript-time-ago'); jav",
  "source": "cyclotron_js",
  "tags": [
    "js",
    "indexed"
  ],
  "metadata": {
    "path": "C:/Users/dwrek/Desktop\\ARCHIVE_NOV_22\\OLD_PROJECTS\\OVERKORE_VIDEO_PLATFORM\\models\\AdminAction.js",
    "file_type": "js",
    "indexed_at": "2025-11-24T04:40:26.050179"
  },
  "created": "2025-11-24T04:40:26.050181",
  "confidence": 0.75,
  "connections": []
}