{
  "id": "0f4bb2aea7ae",
  "type": "data",
  "content": "6a615c99f524.json: {   \"id\": \"6a615c99f524\",   \"content\": \"Doc: BOOTSTRAP INTEGRATION MAP\",   \"type\": \"insight\",   \"sou",
  "source": "cyclotron_json",
  "tags": [
    "json",
    "indexed",
    "structure"
  ],
  "metadata": {
    "path": "C:/Users/dwrek/.consciousness\\cyclotron_core\\atoms\\6a615c99f524.json",
    "file_type": "json",
    "indexed_at": "2025-11-24T04:40:25.213126"
  },
  "created": "2025-11-24T04:40:25.213128",
  "confidence": 0.75,
  "connections": []
}