{
  "id": "0f6118334cc0",
  "type": "concept",
  "content": "RAILWAY_DEPLOYMENT_NOW.md: # \ud83d\ude82 RAILWAY DEPLOYMENT - STEP BY STEP (AT LUNCH)  **Time needed:** 30-45 minutes **Status:** \u2705 Step ",
  "source": "cyclotron_md",
  "tags": [
    "md",
    "indexed",
    "documentation"
  ],
  "metadata": {
    "path": "C:/Users/dwrek/Desktop\\ARCHIVE_NOV_22\\OLD_PROJECTS\\\u2705 COMPLETED_WORK\\_ORGANIZED_FILES\\Documents\\RAILWAY_DEPLOYMENT_NOW.md",
    "file_type": "md",
    "indexed_at": "2025-11-24T04:40:26.186236"
  },
  "created": "2025-11-24T04:40:26.186240",
  "confidence": 0.75,
  "connections": []
}