{
  "id": "0f85eede1e4f",
  "type": "data",
  "content": "PROTOCOL_LIBRARY_INDEX.json: {   \"scan_timestamp\": \"2025-11-05T17:27:13.932026\",   \"total_files_found\": 2143,   \"categories\": {  ",
  "source": "cyclotron_json",
  "tags": [
    "json",
    "indexed",
    "structure"
  ],
  "metadata": {
    "path": "C:/Users/dwrek/Desktop\\ARCHIVE_NOV_22\\BACKUP_20251116_145644\\trinity\\PROTOCOL_LIBRARY_INDEX.json",
    "file_type": "json",
    "indexed_at": "2025-11-24T04:40:25.871600"
  },
  "created": "2025-11-24T04:40:25.871603",
  "confidence": 0.75,
  "connections": []
}