{
  "id": "0f8fef4ba336",
  "type": "data",
  "content": "error_recovery_log.json: {   \"log\": [     {       \"error\": \"Always fails\",       \"type\": \"ValueError\",       \"context\": \"{'fu",
  "source": "cyclotron_json",
  "tags": [
    "json",
    "indexed",
    "structure"
  ],
  "metadata": {
    "path": "C:/Users/dwrek/.consciousness\\error_recovery_log.json",
    "file_type": "json",
    "indexed_at": "2025-11-24T04:40:25.163587"
  },
  "created": "2025-11-24T04:40:25.163589",
  "confidence": 0.75,
  "connections": []
}