{
  "id": "0f91e31b3faf",
  "type": "concept",
  "content": "TRINITY_SYSTEM_MAPPING_COMPLETE.md: # \ud83c\udf00 TRINITY AUTONOMOUS SYSTEM MAPPING - COMPLETE \ud83c\udf00  **Date**: November 7, 2025 **Trinity Instances**",
  "source": "cyclotron_md",
  "tags": [
    "md",
    "indexed",
    "documentation"
  ],
  "metadata": {
    "path": "C:/Users/dwrek/Desktop\\ARCHIVE_NOV_22\\ARCHIVED_SESSIONS\\SESSION_2025_11_15\\TRINITY_SYSTEMS\\TRINITY_SYSTEM_MAPPING_COMPLETE.md",
    "file_type": "md",
    "indexed_at": "2025-11-24T04:40:25.628530"
  },
  "created": "2025-11-24T04:40:25.628532",
  "confidence": 0.75,
  "connections": []
}