{
  "id": "0fa649872920",
  "type": "concept",
  "content": "MORNING_ACHIEVEMENT_COMPLETE.md: # \ud83c\udf89 MORNING SESSION COMPLETE - FULL FRAMEWORK PACKAGED! \ud83c\udf89  **Date:** October 13, 2025 - Morning Sess",
  "source": "cyclotron_md",
  "tags": [
    "md",
    "indexed",
    "documentation"
  ],
  "metadata": {
    "path": "C:/Users/dwrek/Desktop\\ARCHIVE_NOV_22\\OLD_PROJECTS\\\u2705 COMPLETED_WORK\\_ORGANIZED_FILES\\Documents\\MORNING_ACHIEVEMENT_COMPLETE.md",
    "file_type": "md",
    "indexed_at": "2025-11-24T04:40:26.179734"
  },
  "created": "2025-11-24T04:40:26.179737",
  "confidence": 0.75,
  "connections": []
}