{
  "id": "0fe25ec0e0a3",
  "type": "tool",
  "content": "PERFORMANCE_OPTIMIZER.py: #!/usr/bin/env python3 \"\"\" PERFORMANCE OPTIMIZER Analyze and optimize system performance. Target: Im",
  "source": "cyclotron_py",
  "tags": [
    "py",
    "indexed",
    "code"
  ],
  "metadata": {
    "path": "C:/Users/dwrek/100X_DEPLOYMENT\\PERFORMANCE_OPTIMIZER.py",
    "file_type": "py",
    "indexed_at": "2025-11-24T04:40:25.109766"
  },
  "created": "2025-11-24T04:40:25.109768",
  "confidence": 0.75,
  "connections": []
}