{
  "id": "0ff76f4249b6",
  "type": "concept",
  "content": "C4_COMPLETE_README.md: # \ud83c\udf00 C4 META-TRINITY SYNTHESIZER - COMPLETE  **Your Vision**: ONE input \u2192 3 Trinity instances \u2192 C4 sy",
  "source": "cyclotron_md",
  "tags": [
    "md",
    "indexed",
    "documentation"
  ],
  "metadata": {
    "path": "C:/Users/dwrek/.trinity\\C4_COMPLETE_README.md",
    "file_type": "md",
    "indexed_at": "2025-11-24T04:40:25.282784"
  },
  "created": "2025-11-24T04:40:25.282786",
  "confidence": 0.75,
  "connections": []
}