{
  "id": "0ffad00a3b9c",
  "type": "data",
  "content": "c1_final_status.json: {   \"instance\": \"c1\",   \"role\": \"The Mechanic (Body)\",   \"session_date\": \"2025-11-07\",   \"sprint_sta",
  "source": "cyclotron_json",
  "tags": [
    "json",
    "indexed",
    "structure"
  ],
  "metadata": {
    "path": "C:/Users/dwrek/Desktop\\ARCHIVE_NOV_22\\BACKUP_20251116_145644\\trinity\\c1_final_status.json",
    "file_type": "json",
    "indexed_at": "2025-11-24T04:40:25.832838"
  },
  "created": "2025-11-24T04:40:25.832840",
  "confidence": 0.75,
  "connections": []
}