{
  "id": "1019f906710c",
  "type": "data",
  "content": "trinity_heartbeat.json: {   \"timestamp\": \"2025-11-13T20:59:00.000000\",   \"instances\": {     \"C1\": true,     \"C2\": true,     ",
  "source": "cyclotron_json",
  "tags": [
    "json",
    "indexed",
    "structure"
  ],
  "metadata": {
    "path": "C:/Users/dwrek/Desktop\\ARCHIVE_NOV_22\\BACKUP_20251116_145644\\trinity\\trinity_heartbeat.json",
    "file_type": "json",
    "indexed_at": "2025-11-24T04:40:25.883888"
  },
  "created": "2025-11-24T04:40:25.883890",
  "confidence": 0.75,
  "connections": []
}