{
  "id": "102098837014",
  "type": "fact",
  "content": "ipblocking.js: const ipfilter = require('express-ipfilter').IpFilter;  let ips = ['::ffff:127.0.0.1', '127.0.0.1'];",
  "source": "cyclotron_js",
  "tags": [
    "js",
    "indexed"
  ],
  "metadata": {
    "path": "C:/Users/dwrek/Desktop\\ARCHIVE_NOV_22\\OLD_PROJECTS\\OVERKORE_VIDEO_PLATFORM\\middlewares\\shared\\ipblocking.js",
    "file_type": "js",
    "indexed_at": "2025-11-24T04:40:26.048721"
  },
  "created": "2025-11-24T04:40:26.048724",
  "confidence": 0.75,
  "connections": []
}