{
  "id": "10560af7c7b8",
  "type": "concept",
  "content": "LOGIN_SYSTEM_TEST_RESULTS.md: # \u2705 LOGIN SYSTEM TEST RESULTS - NOVEMBER 18, 2025  **Tester:** C1 Mechanic **Date:** November 18, 20",
  "source": "cyclotron_md",
  "tags": [
    "md",
    "indexed",
    "documentation"
  ],
  "metadata": {
    "path": "C:/Users/dwrek/Desktop\\\ud83d\udcc2 MASTER_FILES\\LOGIN_SYSTEM_TEST_RESULTS.md",
    "file_type": "md",
    "indexed_at": "2025-11-24T04:40:26.329909"
  },
  "created": "2025-11-24T04:40:26.329912",
  "confidence": 0.75,
  "connections": []
}