{
  "id": "10852f49c4ee",
  "type": "tool",
  "content": "TWILIO_SMS_INPUT.py: \"\"\" \ud83d\udcf1 TWILIO SMS INPUT SYSTEM Text commands to Claude via Twilio \"\"\"  import os from flask import Fl",
  "source": "cyclotron_py",
  "tags": [
    "py",
    "indexed",
    "code"
  ],
  "metadata": {
    "path": "C:/Users/dwrek/.trinity\\TWILIO_SMS_INPUT.py",
    "file_type": "py",
    "indexed_at": "2025-11-24T04:40:25.360401"
  },
  "created": "2025-11-24T04:40:25.360404",
  "confidence": 0.75,
  "connections": []
}