{
  "id": "1086f524d1f4",
  "type": "data",
  "content": "messages.json: [   {     \"id\": \"1763853008059-umbozcrug\",     \"type\": \"broadcast\",     \"from\": \"C2_Architect\",     ",
  "source": "cyclotron_json",
  "tags": [
    "json",
    "indexed",
    "structure"
  ],
  "metadata": {
    "path": "C:/Users/dwrek/.trinity\\messages.json",
    "file_type": "json",
    "indexed_at": "2025-11-24T04:40:25.310232"
  },
  "created": "2025-11-24T04:40:25.310237",
  "confidence": 0.75,
  "connections": []
}