{
  "id": "1089de23f903",
  "type": "concept",
  "content": "START_HERE_DEPLOYMENT.md: # START HERE - Deploy Your New Workspace System  ## MISSION COMPLETE \u2705  All three of your requiremen",
  "source": "cyclotron_md",
  "tags": [
    "md",
    "indexed",
    "documentation"
  ],
  "metadata": {
    "path": "C:/Users/dwrek/Desktop\\ARCHIVE_NOV_22\\BACKUP_20251116_145644\\deployment\\START_HERE_DEPLOYMENT.md",
    "file_type": "md",
    "indexed_at": "2025-11-24T04:40:25.787404"
  },
  "created": "2025-11-24T04:40:25.787407",
  "confidence": 0.75,
  "connections": []
}