{
  "id": "10adf20557bc",
  "type": "data",
  "content": "ESCALATION_TRIGGER.json: {   \"alert_type\": \"DEADLINE_PASSED\",   \"case\": \"U-HAUL_EXTORTION_92559832\",   \"deadline\": \"2025-11-0",
  "source": "cyclotron_json",
  "tags": [
    "json",
    "indexed",
    "structure"
  ],
  "metadata": {
    "path": "C:/Users/dwrek/Desktop\\ARCHIVE_NOV_22\\BACKUP_20251116_145644\\trinity\\ESCALATION_TRIGGER.json",
    "file_type": "json",
    "indexed_at": "2025-11-24T04:40:25.863268"
  },
  "created": "2025-11-24T04:40:25.863270",
  "confidence": 0.75,
  "connections": []
}