{
  "id": "10b58b20cf5b",
  "type": "concept",
  "content": "QUANTUM_VALIDATION_PLATFORM_UPDATE_SUMMARY.md: # \u269b\ufe0f QUANTUM VALIDATION PLATFORM UPDATE - SUMMARY  **Date:** October 10, 2025 **Task:** Critical Vul",
  "source": "cyclotron_md",
  "tags": [
    "md",
    "indexed",
    "documentation"
  ],
  "metadata": {
    "path": "C:/Users/dwrek/Desktop\\ARCHIVE_NOV_22\\OLD_PROJECTS\\\ud83d\udd27 SYSTEM_FILES\\TRINITY_STARGATE\\QUANTUM_VALIDATION_PLATFORM_UPDATE_SUMMARY.md",
    "file_type": "md",
    "indexed_at": "2025-11-24T04:40:26.313278"
  },
  "created": "2025-11-24T04:40:26.313280",
  "confidence": 0.75,
  "connections": []
}