{
  "id": "10c30ae1a995",
  "type": "interface",
  "content": "MASTER_BLUEPRINT.html: <!DOCTYPE html> <html> <head>     <meta charset=\"UTF-8\">     <meta name=\"viewport\" content=\"width=de",
  "source": "cyclotron_html",
  "tags": [
    "html",
    "indexed",
    "ui"
  ],
  "metadata": {
    "path": "C:/Users/dwrek/Desktop\\ARCHIVE_NOV_22\\OLD_PROJECTS\\\u2705 COMPLETED_WORK\\_ORGANIZED_FILES\\HTML_Pages\\MASTER_BLUEPRINT.html",
    "file_type": "html",
    "indexed_at": "2025-11-24T04:40:26.204691"
  },
  "created": "2025-11-24T04:40:26.204694",
  "confidence": 0.75,
  "connections": []
}