{
  "id": "10d0fb2a1795",
  "type": "concept",
  "content": "CLAIM_1000_CREDITS_NOW.md: # \u26a1 CLAIM $1000 CREDITS - 5 MINUTE GUIDE  **DEADLINE: November 18, 2025 (11:59 PM PT)** **13 DAYS RE",
  "source": "cyclotron_md",
  "tags": [
    "md",
    "indexed",
    "documentation"
  ],
  "metadata": {
    "path": "C:/Users/dwrek/Desktop\\ARCHIVE_NOV_22\\BACKUP_20251116_145644\\trinity\\CLAIM_1000_CREDITS_NOW.md",
    "file_type": "md",
    "indexed_at": "2025-11-24T04:40:25.853330"
  },
  "created": "2025-11-24T04:40:25.853332",
  "confidence": 0.75,
  "connections": []
}