{
  "id": "10fe9d7f92e8",
  "type": "fact",
  "content": "EMAIL_THIS_TO_OTHER_COMPUTERS.txt: COPY THIS ENTIRE MESSAGE - RUN ON YOUR COMPUTER ================================================  St",
  "source": "cyclotron_txt",
  "tags": [
    "txt",
    "indexed"
  ],
  "metadata": {
    "path": "C:/Users/dwrek/Desktop\\ARCHIVE_NOV_22\\EMAIL_THIS_TO_OTHER_COMPUTERS.txt",
    "file_type": "txt",
    "indexed_at": "2025-11-24T04:40:25.433280"
  },
  "created": "2025-11-24T04:40:25.433282",
  "confidence": 0.75,
  "connections": []
}