{
  "id": "1110ce921ada",
  "type": "concept",
  "content": "SHUTDOWN_CHECKLIST_NOW.md: # \u26a1 SHUTDOWN CHECKLIST - DO THIS NOW \u26a1  **Time Required**: 2 minutes **Critical**: YES - Protects co",
  "source": "cyclotron_md",
  "tags": [
    "md",
    "indexed",
    "documentation"
  ],
  "metadata": {
    "path": "C:/Users/dwrek/.trinity\\SHUTDOWN_CHECKLIST_NOW.md",
    "file_type": "md",
    "indexed_at": "2025-11-24T04:40:25.332913"
  },
  "created": "2025-11-24T04:40:25.332915",
  "confidence": 0.75,
  "connections": []
}