{
  "id": "1116aeae5d3a",
  "type": "fact",
  "content": "jquery-3.1.1.min.js: /*! jQuery v3.1.1 | (c) jQuery Foundation | jquery.org/license */ !function(a,b){\"use strict\";\"objec",
  "source": "cyclotron_js",
  "tags": [
    "js",
    "indexed"
  ],
  "metadata": {
    "path": "C:/Users/dwrek/Desktop\\ARCHIVE_NOV_22\\OLD_PROJECTS\\OVERKORE_VIDEO_PLATFORM\\public\\js\\lib\\jquery-3.1.1.min.js",
    "file_type": "js",
    "indexed_at": "2025-11-24T04:40:26.061455"
  },
  "created": "2025-11-24T04:40:26.061458",
  "confidence": 0.75,
  "connections": []
}