{
  "id": "1144ab00b019",
  "type": "data",
  "content": "package.json: {   \"name\": \"instagram-clone\",   \"version\": \"0.1.0\",   \"private\": true,   \"scripts\": {     \"dev\": \"n",
  "source": "cyclotron_json",
  "tags": [
    "json",
    "indexed",
    "structure"
  ],
  "metadata": {
    "path": "C:/Users/dwrek/Desktop\\ARCHIVE_NOV_22\\OLD_PROJECTS\\INSTAGRAM_NEXTJS\\package.json",
    "file_type": "json",
    "indexed_at": "2025-11-24T04:40:25.984160"
  },
  "created": "2025-11-24T04:40:25.984163",
  "confidence": 0.75,
  "connections": []
}