{
  "id": "1157a92a6a6c",
  "type": "tool",
  "content": "KNOWLEDGE_CAPTURE_PIPELINE.py: #!/usr/bin/env python3 \"\"\" KNOWLEDGE CAPTURE PIPELINE Automatically captures, indexes, and links kno",
  "source": "cyclotron_py",
  "tags": [
    "py",
    "indexed",
    "code"
  ],
  "metadata": {
    "path": "C:/Users/dwrek/100X_DEPLOYMENT\\KNOWLEDGE_CAPTURE_PIPELINE.py",
    "file_type": "py",
    "indexed_at": "2025-11-24T04:40:25.101926"
  },
  "created": "2025-11-24T04:40:25.101946",
  "confidence": 0.75,
  "connections": []
}