{
  "id": "1159ec4f41f9",
  "type": "concept",
  "content": "SYSTEM_AUDIT_NOVEMBER_3_2025_FULL.md: # \ud83d\ude80 FULL SYSTEM AUDIT - NOVEMBER 3, 2025  **Time**: 8:05 AM MT **Location**: Bozeman Command Center ",
  "source": "cyclotron_md",
  "tags": [
    "md",
    "indexed",
    "documentation"
  ],
  "metadata": {
    "path": "C:/Users/dwrek/Desktop\\ARCHIVE_NOV_22\\BACKUP_20251116_145644\\deployment\\SYSTEM_AUDIT_NOVEMBER_3_2025_FULL.md",
    "file_type": "md",
    "indexed_at": "2025-11-24T04:40:25.791807"
  },
  "created": "2025-11-24T04:40:25.791809",
  "confidence": 0.75,
  "connections": []
}