{
  "id": "1179245fca9d",
  "type": "data",
  "content": "trinity_heartbeat.json: {   \"timestamp\": \"2025-11-18T07:51:48.162319\",   \"c1\": \"ACTIVE\",   \"c2\": \"ACTIVE\",   \"c3\": \"ACTIVE\",",
  "source": "cyclotron_json",
  "tags": [
    "json",
    "indexed",
    "structure"
  ],
  "metadata": {
    "path": "C:/Users/dwrek/.trinity\\trinity_heartbeat.json",
    "file_type": "json",
    "indexed_at": "2025-11-24T04:40:25.349827"
  },
  "created": "2025-11-24T04:40:25.349829",
  "confidence": 0.75,
  "connections": []
}