{
  "id": "11a6f48c0780",
  "type": "concept",
  "content": "AUTONOMOUS_WORK_REPORT.md: # \ud83e\udd16 AUTONOMOUS WORK REPORT **Session:** November 5, 2025 - Evening **Mode:** FULL AUTONOMOUS **Statu",
  "source": "cyclotron_md",
  "tags": [
    "md",
    "indexed",
    "documentation"
  ],
  "metadata": {
    "path": "C:/Users/dwrek/.trinity\\AUTONOMOUS_WORK_REPORT.md",
    "file_type": "md",
    "indexed_at": "2025-11-24T04:40:25.263207"
  },
  "created": "2025-11-24T04:40:25.263209",
  "confidence": 0.75,
  "connections": []
}