{
  "id": "11a82ed01413",
  "type": "data",
  "content": "393b97094281.json: {   \"id\": \"393b97094281\",   \"content\": \"Task completed: Test and validate: Research requirements for",
  "source": "cyclotron_json",
  "tags": [
    "json",
    "indexed",
    "structure"
  ],
  "metadata": {
    "path": "C:/Users/dwrek/.consciousness\\cyclotron_core\\atoms\\393b97094281.json",
    "file_type": "json",
    "indexed_at": "2025-11-24T04:40:25.199637"
  },
  "created": "2025-11-24T04:40:25.199639",
  "confidence": 0.75,
  "connections": []
}