{
  "id": "11b21f9bb9bc",
  "type": "concept",
  "content": "\u26a1 EXTENDED AUTONOMOUS SESSION COMPLETE - FULL REVENUE SYSTEM.md: # \u26a1 EXTENDED AUTONOMOUS SESSION COMPLETE - NOV 6, 2025  **Session Type:** Extended autonomous work -",
  "source": "cyclotron_md",
  "tags": [
    "md",
    "indexed",
    "documentation"
  ],
  "metadata": {
    "path": "C:/Users/dwrek/Desktop\\ARCHIVE_NOV_22\\ARCHIVED_SESSIONS\\SESSION_2025_11_15\\STATUS_REPORTS\\\u26a1 EXTENDED AUTONOMOUS SESSION COMPLETE - FULL REVENUE SYSTEM.md",
    "file_type": "md",
    "indexed_at": "2025-11-24T04:40:25.604521"
  },
  "created": "2025-11-24T04:40:25.604523",
  "confidence": 0.75,
  "connections": []
}