{
  "id": "11c60e3b18a0",
  "type": "data",
  "content": "result_20251123_215327.json: {   \"task\": \"Research requirements for: Research requirements for: Design architecture for: Build au",
  "source": "cyclotron_json",
  "tags": [
    "json",
    "indexed",
    "structure"
  ],
  "metadata": {
    "path": "C:/Users/dwrek/.consciousness\\task_results\\result_20251123_215327.json",
    "file_type": "json",
    "indexed_at": "2025-11-24T04:40:25.255347"
  },
  "created": "2025-11-24T04:40:25.255349",
  "confidence": 0.75,
  "connections": []
}