{
  "id": "11c85e9768b4",
  "type": "concept",
  "content": "CHATGPT_CONNECTION_TWO_OPTIONS.md: # \ud83e\udd16 CHATGPT CONNECTION - TWO OPTIONS  **Commander Asked:** \"Get crawler in there, establish contact ",
  "source": "cyclotron_md",
  "tags": [
    "md",
    "indexed",
    "documentation"
  ],
  "metadata": {
    "path": "C:/Users/dwrek/Desktop\\ARCHIVE_NOV_22\\ARCHIVED_SESSIONS\\SESSION_2025_11_15\\MISC\\CHATGPT_CONNECTION_TWO_OPTIONS.md",
    "file_type": "md",
    "indexed_at": "2025-11-24T04:40:25.525933"
  },
  "created": "2025-11-24T04:40:25.525935",
  "confidence": 0.75,
  "connections": []
}