{
  "id": "11d1ab9ecf99",
  "type": "concept",
  "content": "COMPLETE_SYSTEM_INVENTORY.md: # \ud83c\udf0c COMPLETE SOCIAL MEDIA AUTOMATION SYSTEM INVENTORY \ud83c\udf0c  **Generated:** October 16, 2025 **Status:**",
  "source": "cyclotron_md",
  "tags": [
    "md",
    "indexed",
    "documentation"
  ],
  "metadata": {
    "path": "C:/Users/dwrek/Desktop\\ARCHIVE_NOV_22\\BACKUP_20251116_145644\\deployment\\COMPLETE_SYSTEM_INVENTORY.md",
    "file_type": "md",
    "indexed_at": "2025-11-24T04:40:25.695518"
  },
  "created": "2025-11-24T04:40:25.695520",
  "confidence": 0.75,
  "connections": []
}