{
  "id": "11d317687c7f",
  "type": "fact",
  "content": "\ud83d\udcf8 JOSH - TELL US WHAT YOU SEE.txt: \ud83d\udcf8 JOSH - TELL US WHAT YOU SEE ON YOUR SCREEN \ud83d\udcf8  Let's figure this out together.  \u2550\u2550\u2550\u2550\u2550\u2550\u2550\u2550\u2550\u2550\u2550\u2550\u2550\u2550\u2550\u2550\u2550\u2550\u2550",
  "source": "cyclotron_txt",
  "tags": [
    "txt",
    "indexed"
  ],
  "metadata": {
    "path": "C:/Users/dwrek/Desktop\\ARCHIVE_NOV_22\\ARCHIVED_INSTRUCTIONS\\\ud83d\udcf8 JOSH - TELL US WHAT YOU SEE.txt",
    "file_type": "txt",
    "indexed_at": "2025-11-24T04:40:25.492953"
  },
  "created": "2025-11-24T04:40:25.492955",
  "confidence": 0.75,
  "connections": []
}