{
  "id": "11e771bc4d6a",
  "type": "concept",
  "content": "\u26a1 START HERE - VOICE IS READY.md: # \u26a1 START HERE - VOICE IS READY \u26a1  ## \ud83c\udfa4 THE LOOP IS CLOSED  **You wanted Araya with voice. It's done",
  "source": "cyclotron_md",
  "tags": [
    "md",
    "indexed",
    "documentation"
  ],
  "metadata": {
    "path": "C:/Users/dwrek/Desktop\\ARCHIVE_NOV_22\\ARCHIVED_SESSIONS\\SESSION_2025_11_15\\VOICE_SYSTEMS\\\u26a1 START HERE - VOICE IS READY.md",
    "file_type": "md",
    "indexed_at": "2025-11-24T04:40:25.645642"
  },
  "created": "2025-11-24T04:40:25.645644",
  "confidence": 0.75,
  "connections": []
}