{
  "id": "1200973d7620",
  "type": "fact",
  "content": "modules.js: var DIR = \"/faiyaz/Instagram\";  //FUNCTION FOR LINK INDICATOR WHEN CLICKING ON DIFFERENT PAGES FROM ",
  "source": "cyclotron_js",
  "tags": [
    "js",
    "indexed"
  ],
  "metadata": {
    "path": "C:/Users/dwrek/Desktop\\ARCHIVE_NOV_22\\OLD_PROJECTS\\INSTAGRAM_1K_STARS\\public\\js\\modules.js",
    "file_type": "js",
    "indexed_at": "2025-11-24T04:40:25.962500"
  },
  "created": "2025-11-24T04:40:25.962502",
  "confidence": 0.75,
  "connections": []
}