{
  "id": "121c1ce11170",
  "type": "concept",
  "content": "CRYPTO_COIN_CREATION_CHAPTER_1.md: # CHAPTER 1: THE BINARY CHOICE FOR BUILDERS  ## Introduction: You're About to Make a Choice  You're ",
  "source": "cyclotron_md",
  "tags": [
    "md",
    "indexed",
    "documentation"
  ],
  "metadata": {
    "path": "C:/Users/dwrek/Desktop\\ARCHIVE_NOV_22\\BACKUP_20251116_145644\\deployment\\CRYPTO_COIN_CREATION_CHAPTER_1.md",
    "file_type": "md",
    "indexed_at": "2025-11-24T04:40:25.699360"
  },
  "created": "2025-11-24T04:40:25.699363",
  "confidence": 0.75,
  "connections": []
}