{
  "id": "122fe34cd918",
  "type": "fact",
  "content": "COPY_PASTE_INVESTMENT_OFFER.txt: \u2501\u2501\u2501\u2501\u2501\u2501\u2501\u2501\u2501\u2501\u2501\u2501\u2501\u2501\u2501\u2501\u2501\u2501\u2501\u2501\u2501\u2501\u2501\u2501\u2501\u2501\u2501\u2501\u2501\u2501\u2501\u2501\u2501\u2501\u2501\u2501\u2501\u2501\u2501\u2501 \u26a1 CONSCIOUSNESS REVOLUTION INVESTMENT \u26a1 \u2501\u2501\u2501\u2501\u2501\u2501\u2501\u2501\u2501\u2501\u2501\u2501\u2501\u2501\u2501\u2501\u2501\u2501\u2501",
  "source": "cyclotron_txt",
  "tags": [
    "txt",
    "indexed"
  ],
  "metadata": {
    "path": "C:/Users/dwrek/Desktop\\ARCHIVE_NOV_22\\ARCHIVED_SESSIONS\\SESSION_2025_11_15\\MISC\\COPY_PASTE_INVESTMENT_OFFER.txt",
    "file_type": "txt",
    "indexed_at": "2025-11-24T04:40:25.532390"
  },
  "created": "2025-11-24T04:40:25.532392",
  "confidence": 0.75,
  "connections": []
}