{
  "id": "124857433e7e",
  "type": "tool",
  "content": "GENERATE_BOOT_SUMMARY.py: #!/usr/bin/env python3 \"\"\" Trinity Auto-Summary Generator Merges all boot_down_reports into single s",
  "source": "cyclotron_py",
  "tags": [
    "py",
    "indexed",
    "code"
  ],
  "metadata": {
    "path": "C:/Users/dwrek/.trinity\\GENERATE_BOOT_SUMMARY.py",
    "file_type": "py",
    "indexed_at": "2025-11-24T04:40:25.304924"
  },
  "created": "2025-11-24T04:40:25.304926",
  "confidence": 0.75,
  "connections": []
}