{
  "id": "12a55ada5585",
  "type": "concept",
  "content": "TRINITY_COMMS_R1_IDEAS.md: # \ud83d\udd04 R1 COMMUNICATION SYSTEM - TRINITY IDEAS  **From:** Commander (Computer 1) **To:** Josh (Computer",
  "source": "cyclotron_md",
  "tags": [
    "md",
    "indexed",
    "documentation"
  ],
  "metadata": {
    "path": "C:/Users/dwrek/100X_DEPLOYMENT\\TRINITY_COMMS_R1_IDEAS.md",
    "file_type": "md",
    "indexed_at": "2025-11-24T04:40:25.121900"
  },
  "created": "2025-11-24T04:40:25.121902",
  "confidence": 0.75,
  "connections": []
}