{
  "id": "12ad5f3f81ee",
  "type": "tool",
  "content": "SEND_BETA_EMAILS.py: #!/usr/bin/env python3 \"\"\" Send beta invite emails to all 6 testers using Gmail API \"\"\"  import os i",
  "source": "cyclotron_py",
  "tags": [
    "py",
    "indexed",
    "code"
  ],
  "metadata": {
    "path": "C:/Users/dwrek/Desktop\\ARCHIVE_NOV_22\\ARCHIVE_OLD\\SEND_BETA_EMAILS.py",
    "file_type": "py",
    "indexed_at": "2025-11-24T04:40:25.646667"
  },
  "created": "2025-11-24T04:40:25.646670",
  "confidence": 0.75,
  "connections": []
}