{
  "id": "12b549677568",
  "type": "fact",
  "content": "CHATGPT_SEARCH_PROMPT_20251003_122847.txt: ================================================================================ CHATGPT LIBRARY EXT",
  "source": "cyclotron_txt",
  "tags": [
    "txt",
    "indexed"
  ],
  "metadata": {
    "path": "C:/Users/dwrek/Desktop\\ARCHIVE_NOV_22\\OLD_PROJECTS\\\ud83d\udd27 SYSTEM_FILES\\SYSTEM_2_ECOSYSTEMS\\Extraction_Mining\\CHATGPT_SEARCH_PROMPT_20251003_122847.txt",
    "file_type": "txt",
    "indexed_at": "2025-11-24T04:40:26.299575"
  },
  "created": "2025-11-24T04:40:26.299578",
  "confidence": 0.75,
  "connections": []
}