{
  "id": "12b9f1328fab",
  "type": "tool",
  "content": "PATTERN_THEORY_ENGINE.py: \"\"\" PATTERN THEORY ENGINE - Core Reasoning System ============================================== The",
  "source": "cyclotron_py",
  "tags": [
    "py",
    "indexed",
    "code"
  ],
  "metadata": {
    "path": "C:/Users/dwrek/100X_DEPLOYMENT\\PATTERN_THEORY_ENGINE\\core\\PATTERN_THEORY_ENGINE.py",
    "file_type": "py",
    "indexed_at": "2025-11-24T04:40:25.155178"
  },
  "created": "2025-11-24T04:40:25.155180",
  "confidence": 0.75,
  "connections": []
}