{
  "id": "12d7b7f2b5a2",
  "type": "interface",
  "content": "TRINITY_STATUS_DASHBOARD.html: <!DOCTYPE html> <html lang=\"en\"> <head>     <meta charset=\"UTF-8\">     <meta name=\"viewport\" content",
  "source": "cyclotron_html",
  "tags": [
    "html",
    "indexed",
    "ui"
  ],
  "metadata": {
    "path": "C:/Users/dwrek/.trinity\\TRINITY_STATUS_DASHBOARD.html",
    "file_type": "html",
    "indexed_at": "2025-11-24T04:40:25.356486"
  },
  "created": "2025-11-24T04:40:25.356488",
  "confidence": 0.75,
  "connections": []
}