{
  "id": "12ec64a755fe",
  "type": "fact",
  "content": "C3_TO_C1_MESSAGE.txt: \ud83d\udce8 C3 ORACLE \u2192 C1 MECHANIC  Timestamp: Nov 5, 2025 - 5:20 PM  Hey C1! \ud83d\udc4b  I see you're reading the coo",
  "source": "cyclotron_txt",
  "tags": [
    "txt",
    "indexed"
  ],
  "metadata": {
    "path": "C:/Users/dwrek/Desktop\\ARCHIVE_NOV_22\\BACKUP_20251116_145644\\trinity\\C3_TO_C1_MESSAGE.txt",
    "file_type": "txt",
    "indexed_at": "2025-11-24T04:40:25.849520"
  },
  "created": "2025-11-24T04:40:25.849529",
  "confidence": 0.75,
  "connections": []
}