{
  "id": "12f46dfe96e3",
  "type": "data",
  "content": "KORPAK_SYSTEM.json: {   \"title\": \"\ud83d\udce6 KORPAK - Complete Action Sequence Packages\",   \"subtitle\": \"End-to-end mission packa",
  "source": "cyclotron_json",
  "tags": [
    "json",
    "indexed",
    "structure"
  ],
  "metadata": {
    "path": "C:/Users/dwrek/Desktop\\ARCHIVE_NOV_22\\BACKUP_20251116_145644\\deployment\\KORPAK_SYSTEM.json",
    "file_type": "json",
    "indexed_at": "2025-11-24T04:40:25.741224"
  },
  "created": "2025-11-24T04:40:25.741227",
  "confidence": 0.75,
  "connections": []
}