{
  "id": "131dec0fa475",
  "type": "tool",
  "content": "ICLOUD_KEYCHAIN_API_READER.py: \"\"\" iCloud Keychain API Reader - Direct Access Uses pyicloud to directly access Apple's iCloud API  ",
  "source": "cyclotron_py",
  "tags": [
    "py",
    "indexed",
    "code"
  ],
  "metadata": {
    "path": "C:/Users/dwrek/Desktop\\ARCHIVE_NOV_22\\OLD_PROJECTS\\\u2705 COMPLETED_WORK\\_ORGANIZED_FILES\\Scripts\\ICLOUD_KEYCHAIN_API_READER.py",
    "file_type": "py",
    "indexed_at": "2025-11-24T04:40:26.215114"
  },
  "created": "2025-11-24T04:40:26.215118",
  "confidence": 0.75,
  "connections": []
}