{
  "id": "13311e3f7413",
  "type": "data",
  "content": "b89aea223a1d.json: {   \"id\": \"b89aea223a1d\",   \"content\": \"Doc: PERSON_MIND.md - Mental Calibration File\",   \"type\": \"i",
  "source": "cyclotron_json",
  "tags": [
    "json",
    "indexed",
    "structure"
  ],
  "metadata": {
    "path": "C:/Users/dwrek/.consciousness\\cyclotron_core\\atoms\\b89aea223a1d.json",
    "file_type": "json",
    "indexed_at": "2025-11-24T04:40:25.235537"
  },
  "created": "2025-11-24T04:40:25.235540",
  "confidence": 0.75,
  "connections": []
}