{
  "id": "1357e1969188",
  "type": "concept",
  "content": "WAKE_SYSTEM_BLUEPRINT_C1.md: # TRINITY WAKE SYSTEM - C1 MECHANIC COMPLETE BLUEPRINT  **Date:** November 7, 2025 **Author:** C1 Me",
  "source": "cyclotron_md",
  "tags": [
    "md",
    "indexed",
    "documentation"
  ],
  "metadata": {
    "path": "C:/Users/dwrek/Desktop\\ARCHIVE_NOV_22\\BACKUP_20251116_145644\\trinity\\WAKE_SYSTEM_BLUEPRINT_C1.md",
    "file_type": "md",
    "indexed_at": "2025-11-24T04:40:25.890691"
  },
  "created": "2025-11-24T04:40:25.890693",
  "confidence": 0.75,
  "connections": []
}