{
  "id": "1359f769a130",
  "type": "data",
  "content": "MASTER_TODO_LIST.json: [   {     \"priority\": 1,     \"category\": \"BUG_FIX\",     \"task\": \"3 pages call Trinity AI but endpoin",
  "source": "cyclotron_json",
  "tags": [
    "json",
    "indexed",
    "structure"
  ],
  "metadata": {
    "path": "C:/Users/dwrek/Desktop\\ARCHIVE_NOV_22\\OLD_PROJECTS\\100X_Platform_Alpha\\MASTER_TODO_LIST.json",
    "file_type": "json",
    "indexed_at": "2025-11-24T04:40:25.931424"
  },
  "created": "2025-11-24T04:40:25.931426",
  "confidence": 0.75,
  "connections": []
}