{
  "id": "135b68d1c9c7",
  "type": "interface",
  "content": "SCAPEGOATING_DETECTOR.html: <!DOCTYPE html> <html lang=\"en\"> <head>     <meta charset=\"UTF-8\">     <meta name=\"viewport\" content",
  "source": "cyclotron_html",
  "tags": [
    "html",
    "indexed",
    "ui"
  ],
  "metadata": {
    "path": "C:/Users/dwrek/100X_DEPLOYMENT\\SCAPEGOATING_DETECTOR.html",
    "file_type": "html",
    "indexed_at": "2025-11-24T04:40:25.114132"
  },
  "created": "2025-11-24T04:40:25.114135",
  "confidence": 0.75,
  "connections": []
}