{
  "id": "13616148d860",
  "type": "data",
  "content": "phone_coordination.json: {   \"messages\": [     {       \"from\": \"desktop\",       \"type\": \"welcome\",       \"message\": \"Desktop ",
  "source": "cyclotron_json",
  "tags": [
    "json",
    "indexed",
    "structure"
  ],
  "metadata": {
    "path": "C:/Users/dwrek/Desktop\\ARCHIVE_NOV_22\\BACKUP_20251116_145644\\trinity\\phone_coordination.json",
    "file_type": "json",
    "indexed_at": "2025-11-24T04:40:25.871120"
  },
  "created": "2025-11-24T04:40:25.871123",
  "confidence": 0.75,
  "connections": []
}