{
  "id": "136a2990d137",
  "type": "fact",
  "content": "index.js: import SIZES from './SIZES';  module.exports = {     SIZES }",
  "source": "cyclotron_js",
  "tags": [
    "js",
    "indexed"
  ],
  "metadata": {
    "path": "C:/Users/dwrek/Desktop\\ARCHIVE_NOV_22\\OLD_PROJECTS\\INSTAGRAM_FULL_FEATURES\\src\\constants\\index.js",
    "file_type": "js",
    "indexed_at": "2025-11-24T04:40:25.966599"
  },
  "created": "2025-11-24T04:40:25.966601",
  "confidence": 0.75,
  "connections": []
}