{
  "id": "13732224116b",
  "type": "concept",
  "content": "STRIPE_SETUP_COMPLETE_GUIDE.md: # \ud83d\udcb3 STRIPE PAYMENT INTEGRATION - COMPLETE SETUP GUIDE  **Status**: \u2705 CODE DEPLOYED | \u23f3 CONFIGURATION",
  "source": "cyclotron_md",
  "tags": [
    "md",
    "indexed",
    "documentation"
  ],
  "metadata": {
    "path": "C:/Users/dwrek/Desktop\\ARCHIVE_NOV_22\\BACKUP_20251116_145644\\deployment\\STRIPE_SETUP_COMPLETE_GUIDE.md",
    "file_type": "md",
    "indexed_at": "2025-11-24T04:40:25.789298"
  },
  "created": "2025-11-24T04:40:25.789303",
  "confidence": 0.75,
  "connections": []
}