{
  "id": "137478fd3d5b",
  "type": "data",
  "content": "session_20251124_000046.json: {   \"agent_id\": \"c2\",   \"timestamp\": \"2025-11-24T00:00:46.963159\",   \"active_tasks\": [     \"Autonomo",
  "source": "cyclotron_json",
  "tags": [
    "json",
    "indexed",
    "structure"
  ],
  "metadata": {
    "path": "C:/Users/dwrek/.consciousness\\sessions\\c2_history\\session_20251124_000046.json",
    "file_type": "json",
    "indexed_at": "2025-11-24T04:40:25.254290"
  },
  "created": "2025-11-24T04:40:25.254292",
  "confidence": 0.75,
  "connections": []
}