{
  "id": "1389f2e5dcac",
  "type": "tool",
  "content": "MONITOR_C3_AND_SYNTHESIZE.py: \"\"\" C3 MONITOR + AUTO-SYNTHESIS Watches C3_ORACLE_LOG.json and runs C4 synthesis when C3 posts analy",
  "source": "cyclotron_py",
  "tags": [
    "py",
    "indexed",
    "code"
  ],
  "metadata": {
    "path": "C:/Users/dwrek/.trinity\\MONITOR_C3_AND_SYNTHESIZE.py",
    "file_type": "py",
    "indexed_at": "2025-11-24T04:40:25.311727"
  },
  "created": "2025-11-24T04:40:25.311730",
  "confidence": 0.75,
  "connections": []
}