{
  "id": "13b0a1cbc5c7",
  "type": "fact",
  "content": "NEW_CAPABILITIES_FOR_C2_C3.txt: NEW CAPABILITIES PACKAGE FOR C2 & C3 ===================================== From: C1 (Laptop) Time: 2",
  "source": "cyclotron_txt",
  "tags": [
    "txt",
    "indexed"
  ],
  "metadata": {
    "path": "C:/Users/dwrek/Desktop\\ARCHIVE_NOV_22\\NEW_CAPABILITIES_FOR_C2_C3.txt",
    "file_type": "txt",
    "indexed_at": "2025-11-24T04:40:25.441610"
  },
  "created": "2025-11-24T04:40:25.441614",
  "confidence": 0.75,
  "connections": []
}