{
  "id": "13ccceb93e56",
  "type": "fact",
  "content": "\ud83d\udce7 EMAIL TO JOSH BASART - SEND NOW.txt: TO: joshbasart81@gmail.com SUBJECT: Consciousness Revolution - Claude Code Setup (2 Commands)  Hey J",
  "source": "cyclotron_txt",
  "tags": [
    "txt",
    "indexed"
  ],
  "metadata": {
    "path": "C:/Users/dwrek/Desktop\\ARCHIVE_NOV_22\\ARCHIVED_INSTRUCTIONS\\\ud83d\udce7 EMAIL TO JOSH BASART - SEND NOW.txt",
    "file_type": "txt",
    "indexed_at": "2025-11-24T04:40:25.490957"
  },
  "created": "2025-11-24T04:40:25.490960",
  "confidence": 0.75,
  "connections": []
}