{
  "id": "13e224f42564",
  "type": "fact",
  "content": "COMPUTER_2_ANYDESK.txt: COMPUTER 2 - ANYDESK CONNECTION ================================ AnyDesk ID: 142-133-9914 Role: C2 A",
  "source": "cyclotron_txt",
  "tags": [
    "txt",
    "indexed"
  ],
  "metadata": {
    "path": "C:/Users/dwrek/.trinity\\COMPUTER_2_ANYDESK.txt",
    "file_type": "txt",
    "indexed_at": "2025-11-24T04:40:25.289622"
  },
  "created": "2025-11-24T04:40:25.289624",
  "confidence": 0.75,
  "connections": []
}