{
  "id": "140aeed83a55",
  "type": "concept",
  "content": "\u26a1 SESSION_COMPLETE_BUG_FIXES_3.md: # \u2705 SESSION COMPLETE: 3 BUGS FIXED + DEPLOYED **Date:** November 6, 2025 @ 10:30 PM **C1 (Claude) - ",
  "source": "cyclotron_md",
  "tags": [
    "md",
    "indexed",
    "documentation"
  ],
  "metadata": {
    "path": "C:/Users/dwrek/Desktop\\ARCHIVE_NOV_22\\ARCHIVED_SESSIONS\\SESSION_2025_11_15\\BUG_TRACKING\\\u26a1 SESSION_COMPLETE_BUG_FIXES_3.md",
    "file_type": "md",
    "indexed_at": "2025-11-24T04:40:25.497930"
  },
  "created": "2025-11-24T04:40:25.497933",
  "confidence": 0.75,
  "connections": []
}