{
  "id": "141432fa7c53",
  "type": "concept",
  "content": "AMELIA_JOY_CAMPAIGN_V2_SUBTLE_PRICING.md: # AMELIA JOY KITS - GOFUNDME CAMPAIGN V2 (SUBTLE PRICING + PARENT WARNING)  ## CAMPAIGN TITLE \"AMELI",
  "source": "cyclotron_md",
  "tags": [
    "md",
    "indexed",
    "documentation"
  ],
  "metadata": {
    "path": "C:/Users/dwrek/Desktop\\ARCHIVE_NOV_22\\BACKUP_20251116_145644\\deployment\\AMELIA_JOY_CAMPAIGN_V2_SUBTLE_PRICING.md",
    "file_type": "md",
    "indexed_at": "2025-11-24T04:40:25.654608"
  },
  "created": "2025-11-24T04:40:25.654610",
  "confidence": 0.75,
  "connections": []
}