{
  "id": "142031910770",
  "type": "concept",
  "content": "C1_IS_GITHUB_GATEKEEPER.md: # C1 IS THE ONLY GITHUB CONNECTION  ## THE RULE  **C1 pushes to GitHub. Nobody else.**  - C2 \u2192 repor",
  "source": "cyclotron_md",
  "tags": [
    "md",
    "indexed",
    "documentation"
  ],
  "metadata": {
    "path": "C:/Users/dwrek/LOCAL_TRINITY_HUB\\C1_IS_GITHUB_GATEKEEPER.md",
    "file_type": "md",
    "indexed_at": "2025-11-24T04:40:25.407959"
  },
  "created": "2025-11-24T04:40:25.407964",
  "confidence": 0.75,
  "connections": []
}