{
  "id": "14304f750f5c",
  "type": "fact",
  "content": "MICROSOFT_ACCOUNT_CREDENTIALS_TEMP.txt: Shadow50780630# odest  Winter50780630#  Fall50780630#  Infinity50780630#  Limited50780630#  Kids5078",
  "source": "cyclotron_txt",
  "tags": [
    "txt",
    "indexed"
  ],
  "metadata": {
    "path": "C:/Users/dwrek/Desktop\\ARCHIVE_NOV_22\\OLD_PROJECTS\\\u2705 COMPLETED_WORK\\_ORGANIZED_FILES\\Documents\\MICROSOFT_ACCOUNT_CREDENTIALS_TEMP.txt",
    "file_type": "txt",
    "indexed_at": "2025-11-24T04:40:26.179374"
  },
  "created": "2025-11-24T04:40:26.179376",
  "confidence": 0.75,
  "connections": []
}