{
  "id": "1437c1594210",
  "type": "concept",
  "content": "COMMANDER_MANIFESTATION_SYSTEM_READY.md: # \ud83c\udf00 COMMANDER: MANIFESTATION SYSTEM IS READY \ud83c\udf00  **Date:** October 24, 2025 **Agent:** C2 Architect *",
  "source": "cyclotron_md",
  "tags": [
    "md",
    "indexed",
    "documentation"
  ],
  "metadata": {
    "path": "C:/Users/dwrek/Desktop\\ARCHIVE_NOV_22\\BACKUP_20251116_145644\\deployment\\COMMANDER_MANIFESTATION_SYSTEM_READY.md",
    "file_type": "md",
    "indexed_at": "2025-11-24T04:40:25.692333"
  },
  "created": "2025-11-24T04:40:25.692335",
  "confidence": 0.75,
  "connections": []
}