{
  "id": "143ec8ab7e3a",
  "type": "tool",
  "content": "TAKE_SCREENSHOTS_NOW.py: #!/usr/bin/env python3 \"\"\" Take screenshots of all Claude Code windows to see what C2/C3 are doing \"",
  "source": "cyclotron_py",
  "tags": [
    "py",
    "indexed",
    "code"
  ],
  "metadata": {
    "path": "C:/Users/dwrek/Desktop\\\ud83d\udcc2 MASTER_FILES\\TAKE_SCREENSHOTS_NOW.py",
    "file_type": "py",
    "indexed_at": "2025-11-24T04:40:26.332746"
  },
  "created": "2025-11-24T04:40:26.332749",
  "confidence": 0.75,
  "connections": []
}