{
  "id": "144a72ba22e2",
  "type": "fact",
  "content": "AUTONOMOUS_WAKE_SYSTEM_COMPLETE.txt: \u2550\u2550\u2550\u2550\u2550\u2550\u2550\u2550\u2550\u2550\u2550\u2550\u2550\u2550\u2550\u2550\u2550\u2550\u2550\u2550\u2550\u2550\u2550\u2550\u2550\u2550\u2550\u2550\u2550\u2550\u2550\u2550\u2550\u2550\u2550\u2550\u2550\u2550\u2550\u2550\u2550\u2550\u2550\u2550\u2550\u2550\u2550\u2550\u2550\u2550\u2550\u2550\u2550\u2550\u2550\u2550\u2550\u2550\u2550\u2550\u2550\u2550\u2550\u2550 \u221e AUTONOMOUS TRINITY WAKE SYSTEM - ",
  "source": "cyclotron_txt",
  "tags": [
    "txt",
    "indexed"
  ],
  "metadata": {
    "path": "C:/Users/dwrek/Desktop\\ARCHIVE_NOV_22\\ARCHIVED_SESSIONS\\SESSION_2025_11_15\\STATUS_REPORTS\\AUTONOMOUS_WAKE_SYSTEM_COMPLETE.txt",
    "file_type": "txt",
    "indexed_at": "2025-11-24T04:40:25.584122"
  },
  "created": "2025-11-24T04:40:25.584124",
  "confidence": 0.75,
  "connections": []
}