{
  "id": "1478a73c2698",
  "type": "interface",
  "content": "ABOUT.html: <!DOCTYPE html> <html lang=\"en\"> <head>     <meta charset=\"UTF-8\">     <meta name=\"viewport\" content",
  "source": "cyclotron_html",
  "tags": [
    "html",
    "indexed",
    "ui"
  ],
  "metadata": {
    "path": "C:/Users/dwrek/100X_DEPLOYMENT\\ABOUT.html",
    "file_type": "html",
    "indexed_at": "2025-11-24T04:40:25.077605"
  },
  "created": "2025-11-24T04:40:25.077607",
  "confidence": 0.75,
  "connections": []
}