{
  "id": "14a872e86dfc",
  "type": "fact",
  "content": "TrackballControls.js: /**  * @author Eberhard Graether / http://egraether.com/  * @author Mark Lundin \t/ http://mark-lundi",
  "source": "cyclotron_js",
  "tags": [
    "js",
    "indexed"
  ],
  "metadata": {
    "path": "C:/Users/dwrek/Desktop\\ARCHIVE_NOV_22\\OLD_PROJECTS\\OVERKORE_VIDEO_PLATFORM\\public\\js\\three.js\\TrackballControls.js",
    "file_type": "js",
    "indexed_at": "2025-11-24T04:40:26.063576"
  },
  "created": "2025-11-24T04:40:26.063578",
  "confidence": 0.75,
  "connections": []
}