{
  "id": "14aee27e6c85",
  "type": "data",
  "content": "d824e694eda7.json: {   \"id\": \"d824e694eda7\",   \"content\": \"Trinity Doc: PYTHON SCRIPTS INDEX\",   \"type\": \"insight\",   \"",
  "source": "cyclotron_json",
  "tags": [
    "json",
    "indexed",
    "structure"
  ],
  "metadata": {
    "path": "C:/Users/dwrek/.consciousness\\cyclotron_core\\atoms\\d824e694eda7.json",
    "file_type": "json",
    "indexed_at": "2025-11-24T04:40:25.241771"
  },
  "created": "2025-11-24T04:40:25.241773",
  "confidence": 0.75,
  "connections": []
}