{
  "id": "14af45497a7e",
  "type": "interface",
  "content": "WEEK_4_MONITORING_DASHBOARD.html: <!DOCTYPE html> <html lang=\"en\"> <head>     <meta charset=\"UTF-8\">     <meta name=\"viewport\" content",
  "source": "cyclotron_html",
  "tags": [
    "html",
    "indexed",
    "ui"
  ],
  "metadata": {
    "path": "C:/Users/dwrek/Desktop\\ARCHIVE_NOV_22\\OLD_PROJECTS\\\u2705 COMPLETED_WORK\\_ORGANIZED_FILES\\HTML_Pages\\WEEK_4_MONITORING_DASHBOARD.html",
    "file_type": "html",
    "indexed_at": "2025-11-24T04:40:26.210256"
  },
  "created": "2025-11-24T04:40:26.210261",
  "confidence": 0.75,
  "connections": []
}