{
  "id": "14af864d9f42",
  "type": "fact",
  "content": "useFindUsers.js: import { useEffect, useState } from \"react\"; import firebase from \"firebase/compat\";  const useFindU",
  "source": "cyclotron_js",
  "tags": [
    "js",
    "indexed"
  ],
  "metadata": {
    "path": "C:/Users/dwrek/Desktop\\ARCHIVE_NOV_22\\OLD_PROJECTS\\INSTAGRAM_FULL_FEATURES\\src\\hooks\\useFindUsers.js",
    "file_type": "js",
    "indexed_at": "2025-11-24T04:40:25.971600"
  },
  "created": "2025-11-24T04:40:25.971602",
  "confidence": 0.75,
  "connections": []
}