{
  "id": "14b96ee8873f",
  "type": "fact",
  "content": "PHONE_CONNECTION_READY.txt: \ud83d\udcf1 PHONE CLAUDE - CONNECTION READY!  \u2501\u2501\u2501\u2501\u2501\u2501\u2501\u2501\u2501\u2501\u2501\u2501\u2501\u2501\u2501\u2501\u2501\u2501\u2501\u2501\u2501\u2501\u2501\u2501\u2501\u2501\u2501\u2501\u2501\u2501\u2501\u2501\u2501\u2501\u2501\u2501\u2501\u2501\u2501\u2501\u2501\u2501\u2501\u2501\u2501\u2501\u2501\u2501\u2501\u2501\u2501  \u2705 GITHUB RE",
  "source": "cyclotron_txt",
  "tags": [
    "txt",
    "indexed"
  ],
  "metadata": {
    "path": "C:/Users/dwrek/.trinity\\PHONE_CONNECTION_READY.txt",
    "file_type": "txt",
    "indexed_at": "2025-11-24T04:40:25.319384"
  },
  "created": "2025-11-24T04:40:25.319386",
  "confidence": 0.75,
  "connections": []
}