{
  "id": "14bda969f6aa",
  "type": "concept",
  "content": "BOOTDOWN_NOV_22_2025_SESSION.md: # Boot Down Report - November 22, 2025  ## Session Summary  ### Completed Tasks  1. **MCP Tools Inst",
  "source": "cyclotron_md",
  "tags": [
    "md",
    "indexed",
    "documentation"
  ],
  "metadata": {
    "path": "C:/Users/dwrek/.trinity\\boot_down_reports\\BOOTDOWN_NOV_22_2025_SESSION.md",
    "file_type": "md",
    "indexed_at": "2025-11-24T04:40:25.371783"
  },
  "created": "2025-11-24T04:40:25.371786",
  "confidence": 0.75,
  "connections": []
}