{
  "id": "14c037be024b",
  "type": "fact",
  "content": "emoji.js: /*! Copyright Twitter Inc. and other contributors. Licensed under MIT */ var twemoji=function(){\"use",
  "source": "cyclotron_js",
  "tags": [
    "js",
    "indexed"
  ],
  "metadata": {
    "path": "C:/Users/dwrek/Desktop\\ARCHIVE_NOV_22\\OLD_PROJECTS\\INSTAGRAM_1K_STARS\\public\\js\\emoji.js",
    "file_type": "js",
    "indexed_at": "2025-11-24T04:40:25.961342"
  },
  "created": "2025-11-24T04:40:25.961344",
  "confidence": 0.75,
  "connections": []
}