{
  "id": "14e739f7f442",
  "type": "tool",
  "content": "COMPUTER_CONVERGENCE_SYSTEM.py: \"\"\" COMPUTER CONVERGENCE SYSTEM Enables 3 computers to synchronize, converge, and create meta-Trinit",
  "source": "cyclotron_py",
  "tags": [
    "py",
    "indexed",
    "code"
  ],
  "metadata": {
    "path": "C:/Users/dwrek/.trinity\\COMPUTER_CONVERGENCE_SYSTEM.py",
    "file_type": "py",
    "indexed_at": "2025-11-24T04:40:25.291942"
  },
  "created": "2025-11-24T04:40:25.291944",
  "confidence": 0.75,
  "connections": []
}