{
  "id": "150946aa551d",
  "type": "concept",
  "content": "THREE_FORBES_COMPANIES_UNIFIED.md: # \ud83c\udf0c THREE FORBES COMPANIES \u2192 ONE MEGA PRODUCT  **Date:** October 27, 2025 **Discovery:** All three c",
  "source": "cyclotron_md",
  "tags": [
    "md",
    "indexed",
    "documentation"
  ],
  "metadata": {
    "path": "C:/Users/dwrek/Desktop\\ARCHIVE_NOV_22\\BACKUP_20251116_145644\\deployment\\THREE_FORBES_COMPANIES_UNIFIED.md",
    "file_type": "md",
    "indexed_at": "2025-11-24T04:40:25.795999"
  },
  "created": "2025-11-24T04:40:25.796001",
  "confidence": 0.75,
  "connections": []
}