{
  "id": "1517599d572c",
  "type": "data",
  "content": "MISSION_HIERARCHY.json: {   \"mission_system\": \"Multi-Timeline Convergence Architecture\",   \"pattern\": \"All timelines align -",
  "source": "cyclotron_json",
  "tags": [
    "json",
    "indexed",
    "structure"
  ],
  "metadata": {
    "path": "C:/Users/dwrek/Desktop\\ARCHIVE_NOV_22\\BACKUP_20251116_145644\\trinity\\MISSION_HIERARCHY.json",
    "file_type": "json",
    "indexed_at": "2025-11-24T04:40:25.868083"
  },
  "created": "2025-11-24T04:40:25.868085",
  "confidence": 0.75,
  "connections": []
}