{
  "id": "151705ec9585",
  "type": "concept",
  "content": "QUANTUM_VAULT_YEAR_LONG_AUTONOMOUS_BLUEPRINT.md: # \ud83d\udcb0 QUANTUM VAULT - Year-Long Autonomous Financial Blueprint \ud83d\udcb0  **Domain 2: Financial (QUANTUM VAULT",
  "source": "cyclotron_md",
  "tags": [
    "md",
    "indexed",
    "documentation"
  ],
  "metadata": {
    "path": "C:/Users/dwrek/Desktop\\ARCHIVE_NOV_22\\BACKUP_20251116_145644\\deployment\\QUANTUM_VAULT_YEAR_LONG_AUTONOMOUS_BLUEPRINT.md",
    "file_type": "md",
    "indexed_at": "2025-11-24T04:40:25.767081"
  },
  "created": "2025-11-24T04:40:25.767084",
  "confidence": 0.75,
  "connections": []
}