{
  "id": "15266c53487c",
  "type": "data",
  "content": "CYCLOTRON_EXPORT_FOR_BUILDERS.json: {   \"knowledge_atoms\": [     {       \"timestamp\": \"2025-11-18T13:50:50.431114\",       \"file\": \"C:\\\\U",
  "source": "cyclotron_json",
  "tags": [
    "json",
    "indexed",
    "structure"
  ],
  "metadata": {
    "path": "C:/Users/dwrek/100X_DEPLOYMENT\\CYCLOTRON_EXPORT_FOR_BUILDERS.json",
    "file_type": "json",
    "indexed_at": "2025-11-24T04:40:25.093746"
  },
  "created": "2025-11-24T04:40:25.093750",
  "confidence": 0.75,
  "connections": []
}