{
  "id": "154efdb43db4",
  "type": "concept",
  "content": "EMAIL_CREATION_AUTOMATION_GUIDE.md: # \ud83d\udce7 AI-POWERED EMAIL CREATION AUTOMATION  **Timestamp:** November 6, 2025 - 1:00 AM PST  ---  ## \ud83c\udfaf W",
  "source": "cyclotron_md",
  "tags": [
    "md",
    "indexed",
    "documentation"
  ],
  "metadata": {
    "path": "C:/Users/dwrek/Desktop\\ARCHIVE_NOV_22\\BACKUP_20251116_145644\\trinity\\EMAIL_CREATION_AUTOMATION_GUIDE.md",
    "file_type": "md",
    "indexed_at": "2025-11-24T04:40:25.862194"
  },
  "created": "2025-11-24T04:40:25.862196",
  "confidence": 0.75,
  "connections": []
}