{
  "id": "155405854e32",
  "type": "concept",
  "content": "WHEN_YOU_GET_BACK.md: # \ud83c\udf89 WHAT I BUILT WHILE YOU WERE GONE \ud83c\udf89  ---  ## \u2705 COMPLETED WHILE YOU WERE OUT:  ### 1. **SMS Code R",
  "source": "cyclotron_md",
  "tags": [
    "md",
    "indexed",
    "documentation"
  ],
  "metadata": {
    "path": "C:/Users/dwrek/Desktop\\ARCHIVE_NOV_22\\OLD_PROJECTS\\\u2705 COMPLETED_WORK\\_ORGANIZED_FILES\\Documents\\WHEN_YOU_GET_BACK.md",
    "file_type": "md",
    "indexed_at": "2025-11-24T04:40:26.200500"
  },
  "created": "2025-11-24T04:40:26.200506",
  "confidence": 0.75,
  "connections": []
}