{
  "id": "155a52e45429",
  "type": "fact",
  "content": "TROUBLESHOOTING.txt: ======================================================================    TROUBLESHOOTING GUIDE - CO",
  "source": "cyclotron_txt",
  "tags": [
    "txt",
    "indexed"
  ],
  "metadata": {
    "path": "C:/Users/dwrek/Desktop\\ARCHIVE_NOV_22\\COMPUTER_2_USB_PACKAGE\\TROUBLESHOOTING.txt",
    "file_type": "txt",
    "indexed_at": "2025-11-24T04:40:25.899800"
  },
  "created": "2025-11-24T04:40:25.899803",
  "confidence": 0.75,
  "connections": []
}