{
  "id": "155a5416eb69",
  "type": "concept",
  "content": "POLICE_PURGE_STATISTICS.md: # \ud83d\udcca POLICE ACCOUNTABILITY PURGE - BY THE NUMBERS  **Autonomous Session:** October 24, 2025, 7:48-8:1",
  "source": "cyclotron_md",
  "tags": [
    "md",
    "indexed",
    "documentation"
  ],
  "metadata": {
    "path": "C:/Users/dwrek/Desktop\\ARCHIVE_NOV_22\\BACKUP_20251116_145644\\deployment\\POLICE_PURGE_STATISTICS.md",
    "file_type": "md",
    "indexed_at": "2025-11-24T04:40:25.763864"
  },
  "created": "2025-11-24T04:40:25.763866",
  "confidence": 0.75,
  "connections": []
}