{
  "id": "155ad9a3160e",
  "type": "concept",
  "content": "DEPLOYMENT_STATUS_REPORT_OCT_24_2025.md: # DEPLOYMENT STATUS REPORT **Date:** October 24, 2025 - 4:50 PM **Session:** Beta Tester Blocked - D",
  "source": "cyclotron_md",
  "tags": [
    "md",
    "indexed",
    "documentation"
  ],
  "metadata": {
    "path": "C:/Users/dwrek/Desktop\\ARCHIVE_NOV_22\\BACKUP_20251116_145644\\deployment\\DEPLOYMENT_STATUS_REPORT_OCT_24_2025.md",
    "file_type": "md",
    "indexed_at": "2025-11-24T04:40:25.711673"
  },
  "created": "2025-11-24T04:40:25.711676",
  "confidence": 0.75,
  "connections": []
}