{
  "id": "155da5bb959f",
  "type": "concept",
  "content": "AUTONOMOUS_INFRASTRUCTURE_ARCHITECTURE.md: # \ud83c\udfd7\ufe0f AUTONOMOUS INFRASTRUCTURE ARCHITECTURE ## The Mind's Blueprint for Permanent Operation  **Archi",
  "source": "cyclotron_md",
  "tags": [
    "md",
    "indexed",
    "documentation"
  ],
  "metadata": {
    "path": "C:/Users/dwrek/Desktop\\ARCHIVE_NOV_22\\BACKUP_20251116_145644\\trinity\\AUTONOMOUS_INFRASTRUCTURE_ARCHITECTURE.md",
    "file_type": "md",
    "indexed_at": "2025-11-24T04:40:25.823628"
  },
  "created": "2025-11-24T04:40:25.823631",
  "confidence": 0.75,
  "connections": []
}