{
  "id": "155ecda9f56a",
  "type": "fact",
  "content": "\ud83d\udcac COMPUTER 1 \u2194 COMPUTER 2 COMMS ACTIVE.txt: \ud83d\udcac\ud83d\udcac\ud83d\udcac COMPUTER-TO-COMPUTER COMMUNICATION SYSTEM ACTIVE \ud83d\udcac\ud83d\udcac\ud83d\udcac  Commander,  YOU SAID: \"The other computer ",
  "source": "cyclotron_txt",
  "tags": [
    "txt",
    "indexed"
  ],
  "metadata": {
    "path": "C:/Users/dwrek/Desktop\\ARCHIVE_NOV_22\\ARCHIVED_SESSIONS\\SESSION_2025_11_15\\MISC\\\ud83d\udcac COMPUTER 1 \u2194 COMPUTER 2 COMMS ACTIVE.txt",
    "file_type": "txt",
    "indexed_at": "2025-11-24T04:40:25.568865"
  },
  "created": "2025-11-24T04:40:25.568868",
  "confidence": 0.75,
  "connections": []
}