{
  "id": "15628702abff",
  "type": "data",
  "content": "cyclotron_federation_index.json: {   \"timestamp\": \"2025-11-16T14:24:19.399449\",   \"build_computer\": \"COMPUTER_1_DEFAULT\",   \"total_at",
  "source": "cyclotron_json",
  "tags": [
    "json",
    "indexed",
    "structure"
  ],
  "metadata": {
    "path": "C:/Users/dwrek/.consciousness\\cyclotron_federation_index.json",
    "file_type": "json",
    "indexed_at": "2025-11-24T04:40:25.162580"
  },
  "created": "2025-11-24T04:40:25.162582",
  "confidence": 0.75,
  "connections": []
}