{
  "id": "1575888a3f61",
  "type": "concept",
  "content": "SITE_ARCHITECTURE_MAP.md: # \ud83c\udf10 CONSCIOUSNESS REVOLUTION - COMPLETE SITE ARCHITECTURE  ## \ud83d\udcca TABLE OF CONTENTS - ALL WEBSITES & S",
  "source": "cyclotron_md",
  "tags": [
    "md",
    "indexed",
    "documentation"
  ],
  "metadata": {
    "path": "C:/Users/dwrek/Desktop\\ARCHIVE_NOV_22\\BACKUP_20251116_145644\\deployment\\SITE_ARCHITECTURE_MAP.md",
    "file_type": "md",
    "indexed_at": "2025-11-24T04:40:25.782337"
  },
  "created": "2025-11-24T04:40:25.782340",
  "confidence": 0.75,
  "connections": []
}