{
  "id": "15791e05437f",
  "type": "concept",
  "content": "ARCHITECTURE_SIMULATOR_README.md: # \ud83e\udde0 Multi-AI Architecture Simulator  **Self-learning spreadsheet system for optimizing multi-AI coor",
  "source": "cyclotron_md",
  "tags": [
    "md",
    "indexed",
    "documentation"
  ],
  "metadata": {
    "path": "C:/Users/dwrek/100X_DEPLOYMENT\\ARCHITECTURE_SIMULATOR_README.md",
    "file_type": "md",
    "indexed_at": "2025-11-24T04:40:25.080331"
  },
  "created": "2025-11-24T04:40:25.080332",
  "confidence": 0.75,
  "connections": []
}