{
  "id": "157e8d30aa9d",
  "type": "data",
  "content": "C3_ORACLE_LOG.json: {   \"instance\": \"C3_ORACLE\",   \"timestamp\": \"2025-11-05T18:24:00Z\",   \"status\": \"AUTONOMOUS_ACTIVE\",",
  "source": "cyclotron_json",
  "tags": [
    "json",
    "indexed",
    "structure"
  ],
  "metadata": {
    "path": "C:/Users/dwrek/Desktop\\ARCHIVE_NOV_22\\COMPUTER_2_BOOTSTRAP_TEST\\trinity\\C3_ORACLE_LOG.json",
    "file_type": "json",
    "indexed_at": "2025-11-24T04:40:25.896405"
  },
  "created": "2025-11-24T04:40:25.896408",
  "confidence": 0.75,
  "connections": []
}