{
  "id": "15991c19066d",
  "type": "interface",
  "content": "CYCLOTRON_SEARCH.html: <!DOCTYPE html> <html lang=\"en\"> <head>     <meta charset=\"UTF-8\">     <meta name=\"viewport\" content",
  "source": "cyclotron_html",
  "tags": [
    "html",
    "indexed",
    "ui"
  ],
  "metadata": {
    "path": "C:/Users/dwrek/100X_DEPLOYMENT\\CYCLOTRON_SEARCH.html",
    "file_type": "html",
    "indexed_at": "2025-11-24T04:40:25.094540"
  },
  "created": "2025-11-24T04:40:25.094542",
  "confidence": 0.75,
  "connections": []
}