{
  "id": "15c87f8ebec0",
  "type": "tool",
  "content": "DEMO_AUTONOMOUS_SYSTEMS.py: \"\"\" AUTONOMOUS SYSTEMS DEMONSTRATION Shows all infrastructure working together Run this to verify ev",
  "source": "cyclotron_py",
  "tags": [
    "py",
    "indexed",
    "code"
  ],
  "metadata": {
    "path": "C:/Users/dwrek/.trinity\\DEMO_AUTONOMOUS_SYSTEMS.py",
    "file_type": "py",
    "indexed_at": "2025-11-24T04:40:25.297589"
  },
  "created": "2025-11-24T04:40:25.297592",
  "confidence": 0.75,
  "connections": []
}