{
  "id": "15d317fbcc2b",
  "type": "data",
  "content": "package-lock.json: {   \"name\": \"tiktok-clone\",   \"version\": \"0.1.0\",   \"lockfileVersion\": 2,   \"requires\": true,   \"pac",
  "source": "cyclotron_json",
  "tags": [
    "json",
    "indexed",
    "structure"
  ],
  "metadata": {
    "path": "C:/Users/dwrek/Desktop\\ARCHIVE_NOV_22\\OLD_PROJECTS\\OVERKORE_SHORT_VIDEOS\\package-lock.json",
    "file_type": "json",
    "indexed_at": "2025-11-24T04:40:25.998324"
  },
  "created": "2025-11-24T04:40:25.998326",
  "confidence": 0.75,
  "connections": []
}