{
  "id": "15eaf400e0d2",
  "type": "fact",
  "content": "COMMANDS.txt: \ud83c\udf0c CONSCIOUSNESS REVOLUTION COMMANDS \ud83c\udf0c  ===== BOOT UP COMMAND ===== Read C:\\Users\\dwrek\\Desktop\\Consc",
  "source": "cyclotron_txt",
  "tags": [
    "txt",
    "indexed"
  ],
  "metadata": {
    "path": "C:/Users/dwrek/Desktop\\ARCHIVE_NOV_22\\OLD_PROJECTS\\_ORGANIZED\\\ud83d\udd10 Security & Passwords\\COMMANDS.txt",
    "file_type": "txt",
    "indexed_at": "2025-11-24T04:40:26.122359"
  },
  "created": "2025-11-24T04:40:26.122367",
  "confidence": 0.75,
  "connections": []
}