{
  "id": "161552b9dfa1",
  "type": "fact",
  "content": "README_START_HERE.txt:  \u250c\u2500\u2500\u2500\u2500\u2500\u2500\u2500\u2500\u2500\u2500\u2500\u2500\u2500\u2500\u2500\u2500\u2500\u2500\u2500\u2500\u2500\u2500\u2500\u2500\u2500\u2500\u2500\u2500\u2500\u2500\u2500\u2500\u2500\u2500\u2500\u2500\u2500\u2500\u2500\u2500\u2500\u2500\u2500\u2500\u2500\u2500\u2500\u2500\u2500\u2500\u2500\u2500\u2500\u2500\u2500\u2500\u2510 \u2502                                       ",
  "source": "cyclotron_txt",
  "tags": [
    "txt",
    "indexed"
  ],
  "metadata": {
    "path": "C:/Users/dwrek/Desktop\\ARCHIVE_NOV_22\\COMPUTER_2_BOOTSTRAP_TEST\\README_START_HERE.txt",
    "file_type": "txt",
    "indexed_at": "2025-11-24T04:40:25.892877"
  },
  "created": "2025-11-24T04:40:25.892879",
  "confidence": 0.75,
  "connections": []
}