{
  "id": "1630bf0ef5f4",
  "type": "fact",
  "content": "TRINITY_BETA_TESTER_GUIDE.txt: \u2550\u2550\u2550\u2550\u2550\u2550\u2550\u2550\u2550\u2550\u2550\u2550\u2550\u2550\u2550\u2550\u2550\u2550\u2550\u2550\u2550\u2550\u2550\u2550\u2550\u2550\u2550\u2550\u2550\u2550\u2550\u2550\u2550\u2550\u2550\u2550\u2550\u2550\u2550\u2550\u2550\u2550\u2550\u2550\u2550\u2550\u2550\u2550\u2550\u2550\u2550\u2550\u2550\u2550\u2550\u2550\u2550\u2550\u2550\u2550\u2550\u2550\u2550   \ud83c\udf00 TRINITY 3-PANEL - BETA TESTER QU",
  "source": "cyclotron_txt",
  "tags": [
    "txt",
    "indexed"
  ],
  "metadata": {
    "path": "C:/Users/dwrek/Desktop\\ARCHIVE_NOV_22\\ARCHIVED_SESSIONS\\SESSION_2025_11_15\\TRINITY_SYSTEMS\\TRINITY_BETA_TESTER_GUIDE.txt",
    "file_type": "txt",
    "indexed_at": "2025-11-24T04:40:25.622039"
  },
  "created": "2025-11-24T04:40:25.622041",
  "confidence": 0.75,
  "connections": []
}