{
  "id": "1638f7242d18",
  "type": "concept",
  "content": "COMPLETE_BOOT_SEQUENCE.md: # COMPLETE BOOT SEQUENCE ## From Zero to Working - Every Step  ---  # PHASE 1: FIRST CONTACT (New In",
  "source": "cyclotron_md",
  "tags": [
    "md",
    "indexed",
    "documentation"
  ],
  "metadata": {
    "path": "C:/Users/dwrek/100X_DEPLOYMENT\\LOCAL_TRINITY_HUB\\COMPLETE_BOOT_SEQUENCE.md",
    "file_type": "md",
    "indexed_at": "2025-11-24T04:40:25.140380"
  },
  "created": "2025-11-24T04:40:25.140382",
  "confidence": 0.75,
  "connections": []
}