{
  "id": "163a212b42c8",
  "type": "fact",
  "content": "\u26a1 READ THIS WHEN YOU WAKE UP.txt: \ud83c\udf05 COMMANDER - READ THIS FIRST \ud83c\udf05  While you slept, I:  1. \u2705 ORGANIZED YOUR DESKTOP    - Moved 78 file",
  "source": "cyclotron_txt",
  "tags": [
    "txt",
    "indexed"
  ],
  "metadata": {
    "path": "C:/Users/dwrek/Desktop\\ARCHIVE_NOV_22\\OLD_DOCS\\\u26a1 READ THIS WHEN YOU WAKE UP.txt",
    "file_type": "txt",
    "indexed_at": "2025-11-24T04:40:25.918145"
  },
  "created": "2025-11-24T04:40:25.918148",
  "confidence": 0.75,
  "connections": []
}