{
  "id": "163da0d2ecfe",
  "type": "concept",
  "content": "\u2705 CONNECTION TEST REPORT.md: # \u2705 TRINITY CONNECTION TEST REPORT  **Test Date:** Nov 7, 2025 **Tested by:** C1 Mechanic **Status:*",
  "source": "cyclotron_md",
  "tags": [
    "md",
    "indexed",
    "documentation"
  ],
  "metadata": {
    "path": "C:/Users/dwrek/Desktop\\ARCHIVE_NOV_22\\ARCHIVED_SESSIONS\\SESSION_2025_11_15\\STATUS_REPORTS\\\u2705 CONNECTION TEST REPORT.md",
    "file_type": "md",
    "indexed_at": "2025-11-24T04:40:25.609139"
  },
  "created": "2025-11-24T04:40:25.609141",
  "confidence": 0.75,
  "connections": []
}