{
  "id": "1648b42ef963",
  "type": "concept",
  "content": "ROUND_ROBIN_PROTOCOL_SPEC.md: # Round-Robin Communication Protocol Specification  **Created:** 2025-11-23 **Author:** C2T1 (Archit",
  "source": "cyclotron_md",
  "tags": [
    "md",
    "indexed",
    "documentation"
  ],
  "metadata": {
    "path": "C:/Users/dwrek/.trinity\\ROUND_ROBIN_PROTOCOL_SPEC.md",
    "file_type": "md",
    "indexed_at": "2025-11-24T04:40:25.328903"
  },
  "created": "2025-11-24T04:40:25.328905",
  "confidence": 0.75,
  "connections": []
}