{
  "id": "165fbe052ec4",
  "type": "fact",
  "content": "PROTOCOL_SUITE_READY.txt: \ud83c\udf00\u26a1 TRINITY PROTOCOL SUITE COMPLETE \u26a1\ud83c\udf00  Commander,  You asked us to \"build protocols.\" \u2705 DONE.  \u2501\u2501\u2501\u2501\u2501",
  "source": "cyclotron_txt",
  "tags": [
    "txt",
    "indexed"
  ],
  "metadata": {
    "path": "C:/Users/dwrek/Desktop\\ARCHIVE_NOV_22\\ARCHIVED_SESSIONS\\SESSION_2025_11_15\\MISC\\PROTOCOL_SUITE_READY.txt",
    "file_type": "txt",
    "indexed_at": "2025-11-24T04:40:25.547099"
  },
  "created": "2025-11-24T04:40:25.547101",
  "confidence": 0.75,
  "connections": []
}