{
  "id": "166a6f9b3f54",
  "type": "fact",
  "content": "ALL_METHODS_TO_CONNECT_COMPUTER_2.txt: \u2550\u2550\u2550\u2550\u2550\u2550\u2550\u2550\u2550\u2550\u2550\u2550\u2550\u2550\u2550\u2550\u2550\u2550\u2550\u2550\u2550\u2550\u2550\u2550\u2550\u2550\u2550\u2550\u2550\u2550\u2550\u2550\u2550\u2550\u2550\u2550\u2550\u2550\u2550\u2550\u2550\u2550\u2550\u2550\u2550\u2550\u2550\u2550\u2550\u2550\u2550\u2550\u2550\u2550\u2550\u2550\u2550\u2550\u2550 \ud83d\udea8 COMPUTER 2 CONNECTION - ALL METHODS AV",
  "source": "cyclotron_txt",
  "tags": [
    "txt",
    "indexed"
  ],
  "metadata": {
    "path": "C:/Users/dwrek/Desktop\\ARCHIVE_NOV_22\\ARCHIVED_SESSIONS\\SESSION_2025_11_15\\MISC\\ALL_METHODS_TO_CONNECT_COMPUTER_2.txt",
    "file_type": "txt",
    "indexed_at": "2025-11-24T04:40:25.520818"
  },
  "created": "2025-11-24T04:40:25.520821",
  "confidence": 0.75,
  "connections": []
}