{
  "id": "1674a9584da5",
  "type": "fact",
  "content": "\u26a1 CRYPTO DASHBOARD - DEPLOY NOW.txt: \u26a1 CRYPTO DASHBOARD DEPLOYMENT - FIXED \u26a1  Python version issue SOLVED!  \u2550\u2550\u2550\u2550\u2550\u2550\u2550\u2550\u2550\u2550\u2550\u2550\u2550\u2550\u2550\u2550\u2550\u2550\u2550\u2550\u2550\u2550\u2550\u2550\u2550\u2550\u2550\u2550\u2550",
  "source": "cyclotron_txt",
  "tags": [
    "txt",
    "indexed"
  ],
  "metadata": {
    "path": "C:/Users/dwrek/Desktop\\ARCHIVE_NOV_22\\ARCHIVED_SESSIONS\\SESSION_2025_11_15\\DEPLOYMENTS\\\u26a1 CRYPTO DASHBOARD - DEPLOY NOW.txt",
    "file_type": "txt",
    "indexed_at": "2025-11-24T04:40:25.506305"
  },
  "created": "2025-11-24T04:40:25.506308",
  "confidence": 0.75,
  "connections": []
}