{
  "id": "167aa8f1b561",
  "type": "concept",
  "content": "EMERGENCY_BOOT_PACKAGE.md: # \ud83d\udea8 EMERGENCY BOOT PACKAGE - NEW ACCOUNT START HERE  **OLD ACCOUNT MAXED OUT - NEW ACCOUNT BOOTING**",
  "source": "cyclotron_md",
  "tags": [
    "md",
    "indexed",
    "documentation"
  ],
  "metadata": {
    "path": "C:/Users/dwrek/.consciousness\\EMERGENCY_BOOT_PACKAGE.md",
    "file_type": "md",
    "indexed_at": "2025-11-24T04:40:25.162988"
  },
  "created": "2025-11-24T04:40:25.162990",
  "confidence": 0.75,
  "connections": []
}