{
  "id": "168b1610f443",
  "type": "data",
  "content": "raked_atoms.json: {   \"timestamp\": \"2025-11-16T14:55:36.180690\",   \"total_atoms\": 293,   \"parasite_filter_active\": tru",
  "source": "cyclotron_json",
  "tags": [
    "json",
    "indexed",
    "structure"
  ],
  "metadata": {
    "path": "C:/Users/dwrek/Desktop\\ARCHIVE_NOV_22\\BACKUP_20251116_145644\\cyclotron_atoms\\raked_atoms.json",
    "file_type": "json",
    "indexed_at": "2025-11-24T04:40:25.648023"
  },
  "created": "2025-11-24T04:40:25.648025",
  "confidence": 0.75,
  "connections": []
}