{
  "id": "168fec0e964b",
  "type": "concept",
  "content": "MONEY_FORCE_FIELD_SYSTEM.md: # MONEY FORCE FIELD SYSTEM **Keeping excess revenue from corrupting the mission**  ---  ## THE PROBL",
  "source": "cyclotron_md",
  "tags": [
    "md",
    "indexed",
    "documentation"
  ],
  "metadata": {
    "path": "C:/Users/dwrek/Desktop\\ARCHIVE_NOV_22\\OLD_PROJECTS\\_ORGANIZED\\\ud83d\udcb0 Business & Financial\\MONEY_FORCE_FIELD_SYSTEM.md",
    "file_type": "md",
    "indexed_at": "2025-11-24T04:40:26.076934"
  },
  "created": "2025-11-24T04:40:26.076940",
  "confidence": 0.75,
  "connections": []
}