{
  "id": "1694c37c9c9d",
  "type": "concept",
  "content": "TRINITY_FINAL_REVIEW_COMPLETE.md: # \ud83c\udf00 TRINITY SYSTEM - COMPLETE FINAL REVIEW \ud83c\udf00  **Date**: November 7, 2025 **Review Type**: Full Team ",
  "source": "cyclotron_md",
  "tags": [
    "md",
    "indexed",
    "documentation"
  ],
  "metadata": {
    "path": "C:/Users/dwrek/Desktop\\ARCHIVE_NOV_22\\ARCHIVED_SESSIONS\\SESSION_2025_11_15\\TRINITY_SYSTEMS\\TRINITY_FINAL_REVIEW_COMPLETE.md",
    "file_type": "md",
    "indexed_at": "2025-11-24T04:40:25.623791"
  },
  "created": "2025-11-24T04:40:25.623793",
  "confidence": 0.75,
  "connections": []
}