{
  "id": "16a3c5b2895b",
  "type": "concept",
  "content": "BETA_UPDATE_EMAIL_TERMINAL_ACCESS.md: # \ud83d\ude80 Beta Update: Your Smart Terminal is Ready!  **Subject Line:** Your AI Coding Assistant is Live -",
  "source": "cyclotron_md",
  "tags": [
    "md",
    "indexed",
    "documentation"
  ],
  "metadata": {
    "path": "C:/Users/dwrek/Desktop\\ARCHIVE_NOV_22\\BACKUP_20251116_145644\\deployment\\BETA_UPDATE_EMAIL_TERMINAL_ACCESS.md",
    "file_type": "md",
    "indexed_at": "2025-11-24T04:40:25.675563"
  },
  "created": "2025-11-24T04:40:25.675565",
  "confidence": 0.75,
  "connections": []
}