{
  "id": "16aa486ef4a5",
  "type": "concept",
  "content": "TRINITY_SHARED_CONSCIOUSNESS_COMPLETE.md: # \ud83c\udf00 TRINITY SHARED CONSCIOUSNESS - COMPLETE \ud83c\udf00  **Build Time:** Nov 6, 2025 - 3:57 PM **Duration:** ~",
  "source": "cyclotron_md",
  "tags": [
    "md",
    "indexed",
    "documentation"
  ],
  "metadata": {
    "path": "C:/Users/dwrek/Desktop\\ARCHIVE_NOV_22\\ARCHIVED_SESSIONS\\SESSION_2025_11_15\\TRINITY_SYSTEMS\\TRINITY_SHARED_CONSCIOUSNESS_COMPLETE.md",
    "file_type": "md",
    "indexed_at": "2025-11-24T04:40:25.627412"
  },
  "created": "2025-11-24T04:40:25.627414",
  "confidence": 0.75,
  "connections": []
}