{
  "id": "16bbb10f7021",
  "type": "concept",
  "content": "AUTONOMOUS_SESSION_COMPLETE_BATCH_2_DEPLOYMENT.md: # \ud83d\ude80 AUTONOMOUS SESSION COMPLETE - BATCH 2 DEPLOYMENT  **Session Date:** November 8, 2025, 5:00 AM - ",
  "source": "cyclotron_md",
  "tags": [
    "md",
    "indexed",
    "documentation"
  ],
  "metadata": {
    "path": "C:/Users/dwrek/Desktop\\ARCHIVE_NOV_22\\ARCHIVED_SESSIONS\\SESSION_2025_11_15\\DEPLOYMENTS\\AUTONOMOUS_SESSION_COMPLETE_BATCH_2_DEPLOYMENT.md",
    "file_type": "md",
    "indexed_at": "2025-11-24T04:40:25.500844"
  },
  "created": "2025-11-24T04:40:25.500847",
  "confidence": 0.75,
  "connections": []
}