{
  "id": "170536153a88",
  "type": "interface",
  "content": "dashboard.html: <!DOCTYPE html> <html lang=\"en\"> <head>     <meta charset=\"UTF-8\">     <meta name=\"viewport\" content",
  "source": "cyclotron_html",
  "tags": [
    "html",
    "indexed",
    "ui"
  ],
  "metadata": {
    "path": "C:/Users/dwrek/Desktop\\ARCHIVE_NOV_22\\OLD_PROJECTS\\\ud83d\udce6 PACKAGES\\JUSTIN_PACKAGE\\dashboard.html",
    "file_type": "html",
    "indexed_at": "2025-11-24T04:40:26.277156"
  },
  "created": "2025-11-24T04:40:26.277163",
  "confidence": 0.75,
  "connections": []
}