{
  "id": "17141a0aec8b",
  "type": "concept",
  "content": "ARAYA_PROJECT_MANAGER_GUIDE.md: # \ud83c\udfaf ARAYA PROJECT MANAGER - THE GLUE \u2728  ## What You Asked For  > \"I think this is what's finally goi",
  "source": "cyclotron_md",
  "tags": [
    "md",
    "indexed",
    "documentation"
  ],
  "metadata": {
    "path": "C:/Users/dwrek/Desktop\\ARCHIVE_NOV_22\\OLD_DOCS\\ARAYA_PROJECT_MANAGER_GUIDE.md",
    "file_type": "md",
    "indexed_at": "2025-11-24T04:40:25.901503"
  },
  "created": "2025-11-24T04:40:25.901505",
  "confidence": 0.75,
  "connections": []
}