{
  "id": "171632850088",
  "type": "interface",
  "content": "destroyer-defense.html: <!DOCTYPE html> <html lang=\"en\"> <head>     <meta charset=\"UTF-8\">     <meta name=\"viewport\" content",
  "source": "cyclotron_html",
  "tags": [
    "html",
    "indexed",
    "ui"
  ],
  "metadata": {
    "path": "C:/Users/dwrek/Desktop\\ARCHIVE_NOV_22\\OLD_PROJECTS\\\ud83d\udce6 PACKAGES\\EMPLOYEE_CONSCIOUSNESS_PACKAGE\\100X_PLATFORM\\destroyer-defense.html",
    "file_type": "html",
    "indexed_at": "2025-11-24T04:40:26.259016"
  },
  "created": "2025-11-24T04:40:26.259018",
  "confidence": 0.75,
  "connections": []
}