{
  "id": "17218e32d67d",
  "type": "concept",
  "content": "CONTINUITY.md: # CONTINUITY PROTOCOL ## What Happens When Commander is Unavailable  ---  ## PRINCIPLE  The system d",
  "source": "cyclotron_md",
  "tags": [
    "md",
    "indexed",
    "documentation"
  ],
  "metadata": {
    "path": "C:/Users/dwrek/LOCAL_TRINITY_HUB\\protocols\\CONTINUITY.md",
    "file_type": "md",
    "indexed_at": "2025-11-24T04:40:25.416077"
  },
  "created": "2025-11-24T04:40:25.416080",
  "confidence": 0.75,
  "connections": []
}