{
  "id": "1744a4db0cb0",
  "type": "concept",
  "content": "README.md: This directory contains an example for running Syncthing under SMF on Solaris.   1. Install the `syn",
  "source": "cyclotron_md",
  "tags": [
    "md",
    "indexed",
    "documentation"
  ],
  "metadata": {
    "path": "C:/Users/dwrek/Desktop\\Syncthing\\syncthing-windows-amd64-v2.0.11\\etc\\solaris-smf\\README.md",
    "file_type": "md",
    "indexed_at": "2025-11-24T04:40:26.326891"
  },
  "created": "2025-11-24T04:40:26.326897",
  "confidence": 0.75,
  "connections": []
}