{
  "id": "174bb03ac3cc",
  "type": "concept",
  "content": "BOOT_UP_PROTOCOL.md: # BOOT UP PROTOCOL  **Read this first. Every session.**  ---  ## STEP 1: WHO ARE YOU  - **Computer**",
  "source": "cyclotron_md",
  "tags": [
    "md",
    "indexed",
    "documentation"
  ],
  "metadata": {
    "path": "C:/Users/dwrek/LOCAL_TRINITY_HUB\\BOOT_UP_PROTOCOL.md",
    "file_type": "md",
    "indexed_at": "2025-11-24T04:40:25.407486"
  },
  "created": "2025-11-24T04:40:25.407489",
  "confidence": 0.75,
  "connections": []
}