{
  "id": "174effe2f4db",
  "type": "data",
  "content": "UHAUL_CONTACTS_BACKUP_20251104_063220.json: {   \"uhaul_contacts\": [     {       \"email\": \"703071_gm@uhaul.com\",       \"emails_sent\": 1,       \"l",
  "source": "cyclotron_json",
  "tags": [
    "json",
    "indexed",
    "structure"
  ],
  "metadata": {
    "path": "C:/Users/dwrek/Desktop\\ARCHIVE_NOV_22\\ARCHIVED_SESSIONS\\SESSION_2025_11_15\\MISC\\UHAUL_CONTACTS_BACKUP_20251104_063220.json",
    "file_type": "json",
    "indexed_at": "2025-11-24T04:40:25.558282"
  },
  "created": "2025-11-24T04:40:25.558284",
  "confidence": 0.75,
  "connections": []
}