{
  "id": "176b98ee06ed",
  "type": "data",
  "content": "system_monitoring_log.json: {   \"monitoring_sessions\": [     {       \"timestamp\": \"2025-11-05T22:13:52.655808\",       \"system_me",
  "source": "cyclotron_json",
  "tags": [
    "json",
    "indexed",
    "structure"
  ],
  "metadata": {
    "path": "C:/Users/dwrek/Desktop\\ARCHIVE_NOV_22\\BACKUP_20251116_145644\\trinity\\system_monitoring_log.json",
    "file_type": "json",
    "indexed_at": "2025-11-24T04:40:25.878180"
  },
  "created": "2025-11-24T04:40:25.878182",
  "confidence": 0.75,
  "connections": []
}