{
  "id": "176f9c96faab",
  "type": "tool",
  "content": "BRAIN_SCHEDULER.py: #!/usr/bin/env python3 \"\"\" BRAIN SCHEDULER Scheduled task automation for brain operations. Runs peri",
  "source": "cyclotron_py",
  "tags": [
    "py",
    "indexed",
    "code"
  ],
  "metadata": {
    "path": "C:/Users/dwrek/100X_DEPLOYMENT\\BRAIN_SCHEDULER.py",
    "file_type": "py",
    "indexed_at": "2025-11-24T04:40:25.083881"
  },
  "created": "2025-11-24T04:40:25.083883",
  "confidence": 0.75,
  "connections": []
}