{
  "id": "17700b012caa",
  "type": "concept",
  "content": "SYSTEMATIC_AUDIT_PROTOCOL.md: # \ud83c\udfaf SYSTEMATIC AUDIT PROTOCOL ## The Checklist That Saves You From Chaos  **What You Just Realized:*",
  "source": "cyclotron_md",
  "tags": [
    "md",
    "indexed",
    "documentation"
  ],
  "metadata": {
    "path": "C:/Users/dwrek/Desktop\\ARCHIVE_NOV_22\\BACKUP_20251116_145644\\deployment\\SYSTEMATIC_AUDIT_PROTOCOL.md",
    "file_type": "md",
    "indexed_at": "2025-11-24T04:40:25.790841"
  },
  "created": "2025-11-24T04:40:25.790843",
  "confidence": 0.75,
  "connections": []
}