{
  "id": "1788dd3d9fb4",
  "type": "concept",
  "content": "TRINITY_REPORT_PROTOCOL.md: # TRINITY REPORT PROTOCOL ## How All Instances Communicate Without Interrupting Commander  ---  ## T",
  "source": "cyclotron_md",
  "tags": [
    "md",
    "indexed",
    "documentation"
  ],
  "metadata": {
    "path": "C:/Users/dwrek/.trinity\\TRINITY_REPORT_PROTOCOL.md",
    "file_type": "md",
    "indexed_at": "2025-11-24T04:40:25.354444"
  },
  "created": "2025-11-24T04:40:25.354446",
  "confidence": 0.75,
  "connections": []
}