{
  "id": "1790d0495e0d",
  "type": "concept",
  "content": "WAKE_SYSTEM_BLUEPRINT_C1.md: # TRINITY WAKE SYSTEM - C1 MECHANIC COMPLETE BLUEPRINT  **Date:** November 7, 2025 **Author:** C1 Me",
  "source": "cyclotron_md",
  "tags": [
    "md",
    "indexed",
    "documentation"
  ],
  "metadata": {
    "path": "C:/Users/dwrek/.trinity\\WAKE_SYSTEM_BLUEPRINT_C1.md",
    "file_type": "md",
    "indexed_at": "2025-11-24T04:40:25.365069"
  },
  "created": "2025-11-24T04:40:25.365071",
  "confidence": 0.75,
  "connections": []
}