{
  "id": "17938e9994f5",
  "type": "concept",
  "content": "MASTER_INDEX.md: # \ud83c\udf0c CONSCIOUSNESS REVOLUTION - MASTER INDEX \ud83c\udf0c  **Complete Social Media Automation System** **Built:*",
  "source": "cyclotron_md",
  "tags": [
    "md",
    "indexed",
    "documentation"
  ],
  "metadata": {
    "path": "C:/Users/dwrek/Desktop\\ARCHIVE_NOV_22\\BACKUP_20251116_145644\\deployment\\MASTER_INDEX.md",
    "file_type": "md",
    "indexed_at": "2025-11-24T04:40:25.745362"
  },
  "created": "2025-11-24T04:40:25.745364",
  "confidence": 0.75,
  "connections": []
}