{
  "id": "17c23654d9d4",
  "type": "fact",
  "content": "TELL_PHONE_CLAUDE_THIS.txt: \ud83d\udcf1 PHONE CLAUDE - COPY/PASTE THIS ENTIRE MESSAGE:  \u2501\u2501\u2501\u2501\u2501\u2501\u2501\u2501\u2501\u2501\u2501\u2501\u2501\u2501\u2501\u2501\u2501\u2501\u2501\u2501\u2501\u2501\u2501\u2501\u2501\u2501\u2501\u2501\u2501\u2501\u2501\u2501\u2501\u2501\u2501\u2501\u2501\u2501\u2501\u2501\u2501\u2501\u2501\u2501\u2501\u2501\u2501\u2501\u2501\u2501",
  "source": "cyclotron_txt",
  "tags": [
    "txt",
    "indexed"
  ],
  "metadata": {
    "path": "C:/Users/dwrek/Desktop\\ARCHIVE_NOV_22\\BACKUP_20251116_145644\\trinity\\TELL_PHONE_CLAUDE_THIS.txt",
    "file_type": "txt",
    "indexed_at": "2025-11-24T04:40:25.878989"
  },
  "created": "2025-11-24T04:40:25.878991",
  "confidence": 0.75,
  "connections": []
}