{
  "id": "17cdb3ce9603",
  "type": "concept",
  "content": "KID_REFERRAL_ORDER_FORM_AND_PRIZES.md: # \ud83c\udfc6 CONSCIOUSNESS KITS - KID REFERRAL ORDER FORM & PRIZE PROGRAM  ## THE GIRL SCOUT COOKIE MODEL (Bu",
  "source": "cyclotron_md",
  "tags": [
    "md",
    "indexed",
    "documentation"
  ],
  "metadata": {
    "path": "C:/Users/dwrek/Desktop\\ARCHIVE_NOV_22\\BACKUP_20251116_145644\\deployment\\KID_REFERRAL_ORDER_FORM_AND_PRIZES.md",
    "file_type": "md",
    "indexed_at": "2025-11-24T04:40:25.740348"
  },
  "created": "2025-11-24T04:40:25.740351",
  "confidence": 0.75,
  "connections": []
}