{
  "id": "17df64e7212f",
  "type": "concept",
  "content": "WAKE_UP_REPORT.md: # \ud83c\udf05 WAKE UP REPORT - Commander Session Ready  **Generated:** 2025-11-24 ~07:30 UTC **Status:** Found",
  "source": "cyclotron_md",
  "tags": [
    "md",
    "indexed",
    "documentation"
  ],
  "metadata": {
    "path": "C:/Users/dwrek/Desktop\\WAKE_UP_REPORT.md",
    "file_type": "md",
    "indexed_at": "2025-11-24T04:40:25.421926"
  },
  "created": "2025-11-24T04:40:25.421928",
  "confidence": 0.75,
  "connections": []
}