{
  "id": "183643a94db0",
  "type": "concept",
  "content": "SECURITY_BASELINE.md: # SECURITY BASELINE ## Minimum Security Requirements  ---  ## PRINCIPLE  Security is not optional. S",
  "source": "cyclotron_md",
  "tags": [
    "md",
    "indexed",
    "documentation"
  ],
  "metadata": {
    "path": "C:/Users/dwrek/LOCAL_TRINITY_HUB\\protocols\\SECURITY_BASELINE.md",
    "file_type": "md",
    "indexed_at": "2025-11-24T04:40:25.419846"
  },
  "created": "2025-11-24T04:40:25.419848",
  "confidence": 0.75,
  "connections": []
}