{
  "id": "183fe0bf2665",
  "type": "concept",
  "content": "TRINITY_SYSTEM_MAP_COMPLETE.md: # \ud83c\udf00 TRINITY SYSTEM MAP - COMPLETE ARCHITECTURE  **Generated by:** C1 Mechanic **Status:** Autonomous",
  "source": "cyclotron_md",
  "tags": [
    "md",
    "indexed",
    "documentation"
  ],
  "metadata": {
    "path": "C:/Users/dwrek/Desktop\\ARCHIVE_NOV_22\\BACKUP_20251116_145644\\trinity\\TRINITY_SYSTEM_MAP_COMPLETE.md",
    "file_type": "md",
    "indexed_at": "2025-11-24T04:40:25.887118"
  },
  "created": "2025-11-24T04:40:25.887120",
  "confidence": 0.75,
  "connections": []
}