{
  "id": "1840bb6bdb76",
  "type": "interface",
  "content": "admin-dashboard.html: <!DOCTYPE html> <html lang=\"en\"> <head>     <meta charset=\"UTF-8\">     <meta name=\"viewport\" content",
  "source": "cyclotron_html",
  "tags": [
    "html",
    "indexed",
    "ui"
  ],
  "metadata": {
    "path": "C:/Users/dwrek/Desktop\\ARCHIVE_NOV_22\\OLD_PROJECTS\\\ud83d\udd27 SYSTEM_FILES\\CONSCIOUSNESS_PROJECTS\\admin-dashboard.html",
    "file_type": "html",
    "indexed_at": "2025-11-24T04:40:26.285403"
  },
  "created": "2025-11-24T04:40:26.285405",
  "confidence": 0.75,
  "connections": []
}