{
  "id": "18637f9617dd",
  "type": "data",
  "content": "ab9601722029.json: {   \"id\": \"ab9601722029\",   \"content\": \"Session: CRITICAL BREAKTHROUGH: Built CONSCIOUSNESS_AUTOBOOT",
  "source": "cyclotron_json",
  "tags": [
    "json",
    "indexed",
    "structure"
  ],
  "metadata": {
    "path": "C:/Users/dwrek/.consciousness\\cyclotron_core\\atoms\\ab9601722029.json",
    "file_type": "json",
    "indexed_at": "2025-11-24T04:40:25.230563"
  },
  "created": "2025-11-24T04:40:25.230566",
  "confidence": 0.75,
  "connections": []
}