{
  "id": "187164a01a61",
  "type": "data",
  "content": "9b90e36bdf71.json: {   \"id\": \"9b90e36bdf71\",   \"content\": \"Trinity Doc: \\ud83c\\udfd7\\ufe0f C2 ARCHITECT ACTIVATION PROM",
  "source": "cyclotron_json",
  "tags": [
    "json",
    "indexed",
    "structure"
  ],
  "metadata": {
    "path": "C:/Users/dwrek/.consciousness\\cyclotron_core\\atoms\\9b90e36bdf71.json",
    "file_type": "json",
    "indexed_at": "2025-11-24T04:40:25.227042"
  },
  "created": "2025-11-24T04:40:25.227047",
  "confidence": 0.75,
  "connections": []
}