{
  "id": "18749a6b5e0b",
  "type": "tool",
  "content": "UPDATE_LIVE_SITE.py: \"\"\" Update the live site with working navigation \"\"\" import os import shutil  print(\"\ud83d\udd27 Updating 100X",
  "source": "cyclotron_py",
  "tags": [
    "py",
    "indexed",
    "code"
  ],
  "metadata": {
    "path": "C:/Users/dwrek/Desktop\\ARCHIVE_NOV_22\\OLD_PROJECTS\\_ORGANIZED\\\ud83e\udd16 Automation & Bots\\UPDATE_LIVE_SITE.py",
    "file_type": "py",
    "indexed_at": "2025-11-24T04:40:26.134025"
  },
  "created": "2025-11-24T04:40:26.134028",
  "confidence": 0.75,
  "connections": []
}