{
  "id": "1875513acda6",
  "type": "fact",
  "content": "time.js: function secondsToFormattedTime(durationInSeconds){     // Formatted time is in hh:mm:ss format with",
  "source": "cyclotron_js",
  "tags": [
    "js",
    "indexed"
  ],
  "metadata": {
    "path": "C:/Users/dwrek/Desktop\\ARCHIVE_NOV_22\\OLD_PROJECTS\\OVERKORE_VIDEO_PLATFORM\\lib\\helpers\\time.js",
    "file_type": "js",
    "indexed_at": "2025-11-24T04:40:26.030789"
  },
  "created": "2025-11-24T04:40:26.030795",
  "confidence": 0.75,
  "connections": []
}