{
  "id": "1875f8b353b9",
  "type": "concept",
  "content": "TRINITY_UNIFIED_SUMMARY.md: # \ud83c\udf00 TRINITY UNIFIED SUMMARY Generated: 2025-11-22 03:33:24  ---  ## \ud83d\udcca Overview - **Active Instances*",
  "source": "cyclotron_md",
  "tags": [
    "md",
    "indexed",
    "documentation"
  ],
  "metadata": {
    "path": "C:/Users/dwrek/Desktop\\ARCHIVE_NOV_22\\TRINITY_UNIFIED_SUMMARY.md",
    "file_type": "md",
    "indexed_at": "2025-11-24T04:40:25.452002"
  },
  "created": "2025-11-24T04:40:25.452005",
  "confidence": 0.75,
  "connections": []
}