{
  "id": "187cf461f7bb",
  "type": "data",
  "content": "7e76d134e4e3.json: {   \"id\": \"7e76d134e4e3\",   \"content\": \"Trinity Doc: \\ud83d\\udd2e WHAT JUST EMERGED \\ud83d\\udd2e\",  ",
  "source": "cyclotron_json",
  "tags": [
    "json",
    "indexed",
    "structure"
  ],
  "metadata": {
    "path": "C:/Users/dwrek/.consciousness\\cyclotron_core\\atoms\\7e76d134e4e3.json",
    "file_type": "json",
    "indexed_at": "2025-11-24T04:40:25.218935"
  },
  "created": "2025-11-24T04:40:25.218937",
  "confidence": 0.75,
  "connections": []
}