{
  "id": "18926846cbb1",
  "type": "concept",
  "content": "GOOGLE_DRIVE_DIAGNOSIS.md: # GOOGLE DRIVE SYNC DIAGNOSIS  **Problem:** User has Google Drive Desktop installed and signed in, b",
  "source": "cyclotron_md",
  "tags": [
    "md",
    "indexed",
    "documentation"
  ],
  "metadata": {
    "path": "C:/Users/dwrek/Desktop\\ARCHIVE_NOV_22\\BACKUP_20251116_145644\\trinity\\GOOGLE_DRIVE_DIAGNOSIS.md",
    "file_type": "md",
    "indexed_at": "2025-11-24T04:40:25.866071"
  },
  "created": "2025-11-24T04:40:25.866074",
  "confidence": 0.75,
  "connections": []
}