{
  "id": "1899110c27c4",
  "type": "tool",
  "content": "QUICK_DASHBOARD.py: #!/usr/bin/env python3 \"\"\" QUICK DASHBOARD Fast system status overview in one command. \"\"\"  import j",
  "source": "cyclotron_py",
  "tags": [
    "py",
    "indexed",
    "code"
  ],
  "metadata": {
    "path": "C:/Users/dwrek/100X_DEPLOYMENT\\QUICK_DASHBOARD.py",
    "file_type": "py",
    "indexed_at": "2025-11-24T04:40:25.111834"
  },
  "created": "2025-11-24T04:40:25.111836",
  "confidence": 0.75,
  "connections": []
}