{
  "id": "189d8e01c309",
  "type": "data",
  "content": "INDEX.json: {   \"atoms\": [     {       \"id\": \"56bf395600db\",       \"preview\": \"Trinity system uses three AI inst",
  "source": "cyclotron_json",
  "tags": [
    "json",
    "indexed",
    "structure"
  ],
  "metadata": {
    "path": "C:/Users/dwrek/.consciousness\\cyclotron_core\\INDEX.json",
    "file_type": "json",
    "indexed_at": "2025-11-24T04:40:25.179338"
  },
  "created": "2025-11-24T04:40:25.179340",
  "confidence": 0.75,
  "connections": []
}