{
  "id": "18dbb7446ebc",
  "type": "concept",
  "content": "3_COMPUTER_SETUP_GUIDE.md: # \ud83d\udda5\ufe0f 3-COMPUTER TRINITY SETUP GUIDE  **Created:** November 6, 2025 - 3:45 PM PST **Purpose:** Coordi",
  "source": "cyclotron_md",
  "tags": [
    "md",
    "indexed",
    "documentation"
  ],
  "metadata": {
    "path": "C:/Users/dwrek/Desktop\\ARCHIVE_NOV_22\\BACKUP_20251116_145644\\trinity\\3_COMPUTER_SETUP_GUIDE.md",
    "file_type": "md",
    "indexed_at": "2025-11-24T04:40:25.819537"
  },
  "created": "2025-11-24T04:40:25.819539",
  "confidence": 0.75,
  "connections": []
}