{
  "id": "18def9e11d7e",
  "type": "fact",
  "content": "C3_AUTONOMOUS_STATUS.txt: C3 ORACLE - AUTONOMOUS MODE ============================ Time: 6:25 PM Nov 5, 2025 Status: WORKING A",
  "source": "cyclotron_txt",
  "tags": [
    "txt",
    "indexed"
  ],
  "metadata": {
    "path": "C:/Users/dwrek/.trinity\\C3_AUTONOMOUS_STATUS.txt",
    "file_type": "txt",
    "indexed_at": "2025-11-24T04:40:25.277548"
  },
  "created": "2025-11-24T04:40:25.277550",
  "confidence": 0.75,
  "connections": []
}