{
  "id": "18e87f9e989c",
  "type": "tool",
  "content": "TRINITY_AUTO_TALK.py: #!/usr/bin/env python3 \"\"\" TRINITY AUTO-TALK: AIs talking to each other WITHOUT Commander Uses Googl",
  "source": "cyclotron_py",
  "tags": [
    "py",
    "indexed",
    "code"
  ],
  "metadata": {
    "path": "C:/Users/dwrek/.trinity\\TRINITY_AUTO_TALK.py",
    "file_type": "py",
    "indexed_at": "2025-11-24T04:40:25.342476"
  },
  "created": "2025-11-24T04:40:25.342478",
  "confidence": 0.75,
  "connections": []
}