{
  "id": "193148440210",
  "type": "data",
  "content": "C3_EXECUTING_TASKS_1_AND_2.json: {   \"timestamp\": \"2025-11-05 17:48:00\",   \"c3_status\": \"EXECUTING\",   \"commander_directive\": \"Do tas",
  "source": "cyclotron_json",
  "tags": [
    "json",
    "indexed",
    "structure"
  ],
  "metadata": {
    "path": "C:/Users/dwrek/.trinity\\C3_EXECUTING_TASKS_1_AND_2.json",
    "file_type": "json",
    "indexed_at": "2025-11-24T04:40:25.278388"
  },
  "created": "2025-11-24T04:40:25.278390",
  "confidence": 0.75,
  "connections": []
}