{
  "id": "195e2dbd4773",
  "type": "data",
  "content": "28eb673bd598.json: {   \"id\": \"28eb673bd598\",   \"content\": \"Trinity Doc: TRINITY SESSION CONSOLIDATION - 2025-11-22\",   ",
  "source": "cyclotron_json",
  "tags": [
    "json",
    "indexed",
    "structure"
  ],
  "metadata": {
    "path": "C:/Users/dwrek/.consciousness\\cyclotron_core\\atoms\\28eb673bd598.json",
    "file_type": "json",
    "indexed_at": "2025-11-24T04:40:25.195444"
  },
  "created": "2025-11-24T04:40:25.195446",
  "confidence": 0.75,
  "connections": []
}