{
  "id": "1987f4046d4d",
  "type": "interface",
  "content": "3_COMPUTER_COMMUNICATION_DASHBOARD.html: <!DOCTYPE html> <html> <head>     <title>3-Computer Trinity Communication Dashboard</title>     <sty",
  "source": "cyclotron_html",
  "tags": [
    "html",
    "indexed",
    "ui"
  ],
  "metadata": {
    "path": "C:/Users/dwrek/.trinity\\3_COMPUTER_COMMUNICATION_DASHBOARD.html",
    "file_type": "html",
    "indexed_at": "2025-11-24T04:40:25.255749"
  },
  "created": "2025-11-24T04:40:25.255751",
  "confidence": 0.75,
  "connections": []
}