{
  "id": "19a44bd7f7b7",
  "type": "fact",
  "content": "passport.js: /** UNFINISHED **/ /* eslint-disable no-unused-vars */  const passport = require('passport'); const ",
  "source": "cyclotron_js",
  "tags": [
    "js",
    "indexed"
  ],
  "metadata": {
    "path": "C:/Users/dwrek/Desktop\\ARCHIVE_NOV_22\\OLD_PROJECTS\\OVERKORE_VIDEO_PLATFORM\\config\\passport.js",
    "file_type": "js",
    "indexed_at": "2025-11-24T04:40:26.017017"
  },
  "created": "2025-11-24T04:40:26.017021",
  "confidence": 0.75,
  "connections": []
}