{
  "id": "19aea1f632a5",
  "type": "concept",
  "content": "JOSH_INSTALLATION_OPTIONS.md: # \ud83d\ude80 JOSH INSTALLATION - THREE LEVELS OF EASY \ud83d\ude80  **Pick the easiest method for Josh:**  ---  ## \ud83e\udd47 OPT",
  "source": "cyclotron_md",
  "tags": [
    "md",
    "indexed",
    "documentation"
  ],
  "metadata": {
    "path": "C:/Users/dwrek/Desktop\\ARCHIVE_NOV_22\\OLD_PROJECTS\\\u2705 COMPLETED_WORK\\_ORGANIZED_FILES\\Documents\\JOSH_INSTALLATION_OPTIONS.md",
    "file_type": "md",
    "indexed_at": "2025-11-24T04:40:26.175768"
  },
  "created": "2025-11-24T04:40:26.175771",
  "confidence": 0.75,
  "connections": []
}