{
  "id": "19d7705debae",
  "type": "data",
  "content": "GENERAL_HUB_MULTI_COMPUTER.json: {   \"hub_purpose\": \"MULTI-COMPUTER TRINITY CONVERGENCE\",   \"created\": \"2025-11-05T17:22:00Z\",   \"com",
  "source": "cyclotron_json",
  "tags": [
    "json",
    "indexed",
    "structure"
  ],
  "metadata": {
    "path": "C:/Users/dwrek/.trinity\\GENERAL_HUB_MULTI_COMPUTER.json",
    "file_type": "json",
    "indexed_at": "2025-11-24T04:40:25.304713"
  },
  "created": "2025-11-24T04:40:25.304715",
  "confidence": 0.75,
  "connections": []
}