{
  "id": "19dde04aff83",
  "type": "fact",
  "content": "1_START_HERE_JOSH.txt: ======================================================================    COMPUTER 2 SETUP - SUPER S",
  "source": "cyclotron_txt",
  "tags": [
    "txt",
    "indexed"
  ],
  "metadata": {
    "path": "C:/Users/dwrek/Desktop\\ARCHIVE_NOV_22\\COMPUTER_2_USB_PACKAGE\\1_START_HERE_JOSH.txt",
    "file_type": "txt",
    "indexed_at": "2025-11-24T04:40:25.899079"
  },
  "created": "2025-11-24T04:40:25.899081",
  "confidence": 0.75,
  "connections": []
}