{
  "id": "19f71948b54f",
  "type": "interface",
  "content": "SYSTEM_DASHBOARD.html: <!DOCTYPE html> <html> <head>     <title>Trinity System Monitor Dashboard</title>     <style>       ",
  "source": "cyclotron_html",
  "tags": [
    "html",
    "indexed",
    "ui"
  ],
  "metadata": {
    "path": "C:/Users/dwrek/.trinity\\SYSTEM_DASHBOARD.html",
    "file_type": "html",
    "indexed_at": "2025-11-24T04:40:25.335177"
  },
  "created": "2025-11-24T04:40:25.335182",
  "confidence": 0.75,
  "connections": []
}