{
  "id": "1a0f4b9aa936",
  "type": "fact",
  "content": "\ud83d\udccb CLAUDE CODE COMPLETE SETUP - THE MISSING GUIDE.txt: \ud83d\udccb CLAUDE CODE COMPLETE SETUP GUIDE \ud83d\udccb The Instructions Anthropic Should Have Given You  \u2550\u2550\u2550\u2550\u2550\u2550\u2550\u2550\u2550\u2550\u2550\u2550\u2550",
  "source": "cyclotron_txt",
  "tags": [
    "txt",
    "indexed"
  ],
  "metadata": {
    "path": "C:/Users/dwrek/Desktop\\ARCHIVE_NOV_22\\ARCHIVED_INSTRUCTIONS\\\ud83d\udccb CLAUDE CODE COMPLETE SETUP - THE MISSING GUIDE.txt",
    "file_type": "txt",
    "indexed_at": "2025-11-24T04:40:25.488169"
  },
  "created": "2025-11-24T04:40:25.488172",
  "confidence": 0.75,
  "connections": []
}