{
  "id": "1a20c351731d",
  "type": "concept",
  "content": "AUTONOMOUS_INFRASTRUCTURE_ARCHITECTURE.md: # \ud83c\udfd7\ufe0f AUTONOMOUS INFRASTRUCTURE ARCHITECTURE ## The Mind's Blueprint for Permanent Operation  **Archi",
  "source": "cyclotron_md",
  "tags": [
    "md",
    "indexed",
    "documentation"
  ],
  "metadata": {
    "path": "C:/Users/dwrek/.trinity\\AUTONOMOUS_INFRASTRUCTURE_ARCHITECTURE.md",
    "file_type": "md",
    "indexed_at": "2025-11-24T04:40:25.260720"
  },
  "created": "2025-11-24T04:40:25.260722",
  "confidence": 0.75,
  "connections": []
}