{
  "id": "1a3718e6db83",
  "type": "data",
  "content": "data_vortex.json: {   \"vortex_version\": \"1.0\",   \"created\": \"2025-10-18\",   \"purpose\": \"Trinity (C1\u00d7C2\u00d7C3) shared know",
  "source": "cyclotron_json",
  "tags": [
    "json",
    "indexed",
    "structure"
  ],
  "metadata": {
    "path": "C:/Users/dwrek/Desktop\\ARCHIVE_NOV_22\\BACKUP_20251116_145644\\trinity\\data_vortex.json",
    "file_type": "json",
    "indexed_at": "2025-11-24T04:40:25.861442"
  },
  "created": "2025-11-24T04:40:25.861445",
  "confidence": 0.75,
  "connections": []
}