{
  "id": "1a406c2c3645",
  "type": "concept",
  "content": "PATTERN_RECOGNITION_COURSE.md: # \ud83d\udcd6 PATTERN RECOGNITION COURSE  **The Foundational Skill for Consciousness Evolution**  ---  ## WHAT",
  "source": "cyclotron_md",
  "tags": [
    "md",
    "indexed",
    "documentation"
  ],
  "metadata": {
    "path": "C:/Users/dwrek/Desktop\\ARCHIVE_NOV_22\\BACKUP_20251116_145644\\deployment\\PATTERN_RECOGNITION_COURSE.md",
    "file_type": "md",
    "indexed_at": "2025-11-24T04:40:25.757390"
  },
  "created": "2025-11-24T04:40:25.757393",
  "confidence": 0.75,
  "connections": []
}