{
  "id": "1a47719bc0f5",
  "type": "concept",
  "content": "EQUATION_VAULT.md: # EQUATION VAULT **All mathematical formulas discovered in the Consciousness Revolution**  ---  ## U",
  "source": "cyclotron_md",
  "tags": [
    "md",
    "indexed",
    "documentation"
  ],
  "metadata": {
    "path": "C:/Users/dwrek/Desktop\\ARCHIVE_NOV_22\\OLD_PROJECTS\\_ORGANIZED\\\ud83d\udcda Documentation\\EQUATION_VAULT.md",
    "file_type": "md",
    "indexed_at": "2025-11-24T04:40:26.085067"
  },
  "created": "2025-11-24T04:40:26.085070",
  "confidence": 0.75,
  "connections": []
}