{
  "id": "1a4a391efe72",
  "type": "concept",
  "content": "TEAM_ORIENTATION_NOW.md: # \ud83d\udea8 TEAM ORIENTATION - READ THIS NOW  **Date:** November 18, 2025 **Status:** URGENT - Team members ",
  "source": "cyclotron_md",
  "tags": [
    "md",
    "indexed",
    "documentation"
  ],
  "metadata": {
    "path": "C:/Users/dwrek/Desktop\\ARCHIVE_NOV_22\\TEAM_ORIENTATION_NOW.md",
    "file_type": "md",
    "indexed_at": "2025-11-24T04:40:25.449658"
  },
  "created": "2025-11-24T04:40:25.449660",
  "confidence": 0.75,
  "connections": []
}