{
  "id": "1a4cbf293827",
  "type": "concept",
  "content": "BUG_TRACKING_QUICK_START.md: # \ud83d\udc1b BUG TRACKING & ANALYTICS - QUICK START  ## \ud83c\udfaf COMMANDER ANALYTICS COCKPIT - YOUR COMMAND CENTER  ",
  "source": "cyclotron_md",
  "tags": [
    "md",
    "indexed",
    "documentation"
  ],
  "metadata": {
    "path": "C:/Users/dwrek/Desktop\\ARCHIVE_NOV_22\\OLD_DOCS\\BUG_TRACKING_QUICK_START.md",
    "file_type": "md",
    "indexed_at": "2025-11-24T04:40:25.903071"
  },
  "created": "2025-11-24T04:40:25.903073",
  "confidence": 0.75,
  "connections": []
}