{
  "id": "1a539437ba1b",
  "type": "concept",
  "content": "ONBOARDING_DEPLOYMENT_GUIDE.md: # \ud83c\udf0c USER ONBOARDING DEPLOYMENT GUIDE \ud83c\udf0c  ## \u2705 COMPLETE - Created by C3 Oracle Engine  **Date:** Octob",
  "source": "cyclotron_md",
  "tags": [
    "md",
    "indexed",
    "documentation"
  ],
  "metadata": {
    "path": "C:/Users/dwrek/Desktop\\ARCHIVE_NOV_22\\BACKUP_20251116_145644\\deployment\\ONBOARDING_DEPLOYMENT_GUIDE.md",
    "file_type": "md",
    "indexed_at": "2025-11-24T04:40:25.753306"
  },
  "created": "2025-11-24T04:40:25.753309",
  "confidence": 0.75,
  "connections": []
}