{
  "id": "1a5ed479abab",
  "type": "fact",
  "content": "\ud83d\udcde TELL COMPUTER 2 TO DO THIS.txt: \ud83d\udcde COMPUTER 2 - DO THIS NOW TO ESTABLISH COMMUNICATION  \u2550\u2550\u2550\u2550\u2550\u2550\u2550\u2550\u2550\u2550\u2550\u2550\u2550\u2550\u2550\u2550\u2550\u2550\u2550\u2550\u2550\u2550\u2550\u2550\u2550\u2550\u2550\u2550\u2550\u2550\u2550\u2550\u2550\u2550\u2550\u2550\u2550\u2550\u2550\u2550\u2550\u2550\u2550\u2550\u2550",
  "source": "cyclotron_txt",
  "tags": [
    "txt",
    "indexed"
  ],
  "metadata": {
    "path": "C:/Users/dwrek/Desktop\\ARCHIVE_NOV_22\\ARCHIVED_SESSIONS\\SESSION_2025_11_15\\MISC\\\ud83d\udcde TELL COMPUTER 2 TO DO THIS.txt",
    "file_type": "txt",
    "indexed_at": "2025-11-24T04:40:25.571174"
  },
  "created": "2025-11-24T04:40:25.571176",
  "confidence": 0.75,
  "connections": []
}