{
  "id": "1a7780c52e2f",
  "type": "concept",
  "content": "TRINITY_FINAL_SESSION_REPORT_NOV_6_2025.md: # \ud83c\udf00 TRINITY FINAL SESSION REPORT - NOV 6, 2025 \ud83c\udf00  **C1 Mechanic (The Body) - Autonomous Work Complet",
  "source": "cyclotron_md",
  "tags": [
    "md",
    "indexed",
    "documentation"
  ],
  "metadata": {
    "path": "C:/Users/dwrek/Desktop\\ARCHIVE_NOV_22\\ARCHIVED_SESSIONS\\SESSION_2025_11_15\\TRINITY_SYSTEMS\\TRINITY_FINAL_SESSION_REPORT_NOV_6_2025.md",
    "file_type": "md",
    "indexed_at": "2025-11-24T04:40:25.624044"
  },
  "created": "2025-11-24T04:40:25.624047",
  "confidence": 0.75,
  "connections": []
}