{
  "id": "1a7cb61557b1",
  "type": "concept",
  "content": "WAKE_UP_TOMORROW_START_HERE.md: # \u2600\ufe0f GOOD MORNING COMMANDER - START HERE  **Date:** November 6, 2025 **Status:** System prepped over",
  "source": "cyclotron_md",
  "tags": [
    "md",
    "indexed",
    "documentation"
  ],
  "metadata": {
    "path": "C:/Users/dwrek/Desktop\\ARCHIVE_NOV_22\\ARCHIVED_SESSIONS\\SESSION_2025_11_15\\MISC\\WAKE_UP_TOMORROW_START_HERE.md",
    "file_type": "md",
    "indexed_at": "2025-11-24T04:40:25.559171"
  },
  "created": "2025-11-24T04:40:25.559173",
  "confidence": 0.75,
  "connections": []
}