{
  "id": "1a7f58563bcc",
  "type": "data",
  "content": "51c20b9550a9.json: {   \"id\": \"51c20b9550a9\",   \"content\": \"Trinity Doc: \\ud83c\\udf10 TRINITY PROTOCOL SUITE - COMPLETE ",
  "source": "cyclotron_json",
  "tags": [
    "json",
    "indexed",
    "structure"
  ],
  "metadata": {
    "path": "C:/Users/dwrek/.consciousness\\cyclotron_core\\atoms\\51c20b9550a9.json",
    "file_type": "json",
    "indexed_at": "2025-11-24T04:40:25.206342"
  },
  "created": "2025-11-24T04:40:25.206344",
  "confidence": 0.75,
  "connections": []
}