{
  "id": "1a933ffba52d",
  "type": "fact",
  "content": "useIsEmail.js: const useIsEmail = () => {     function isEmail(str) {       var pattern = /^[A-Za-z0-9._%+-]+@[A-Za",
  "source": "cyclotron_js",
  "tags": [
    "js",
    "indexed"
  ],
  "metadata": {
    "path": "C:/Users/dwrek/Desktop\\ARCHIVE_NOV_22\\OLD_PROJECTS\\INSTAGRAM_FULL_FEATURES\\src\\utils\\useIsEmail.js",
    "file_type": "js",
    "indexed_at": "2025-11-24T04:40:25.979607"
  },
  "created": "2025-11-24T04:40:25.979609",
  "confidence": 0.75,
  "connections": []
}