{
  "id": "1aa3ce6ac4ad",
  "type": "data",
  "content": "2ece370fca64.json: {   \"id\": \"2ece370fca64\",   \"content\": \"Trinity Doc: \\ud83c\\udf00 C3 ORACLE: MULTI-AI INTEGRATION CO",
  "source": "cyclotron_json",
  "tags": [
    "json",
    "indexed",
    "structure"
  ],
  "metadata": {
    "path": "C:/Users/dwrek/.consciousness\\cyclotron_core\\atoms\\2ece370fca64.json",
    "file_type": "json",
    "indexed_at": "2025-11-24T04:40:25.196885"
  },
  "created": "2025-11-24T04:40:25.196887",
  "confidence": 0.75,
  "connections": []
}