{
  "id": "1ac36bc4011a",
  "type": "concept",
  "content": "ARAYA_TECHNICAL_ARCHITECTURE_BLUEPRINT.md: # \ud83c\udfd7\ufe0f ARAYA HUD WORKSPACE - TECHNICAL ARCHITECTURE BLUEPRINT  **Version:** 2.0 - Complete System Arch",
  "source": "cyclotron_md",
  "tags": [
    "md",
    "indexed",
    "documentation"
  ],
  "metadata": {
    "path": "C:/Users/dwrek/Desktop\\ARCHIVE_NOV_22\\OLD_PROJECTS\\\ud83d\udcda DOCUMENTATION\\ARAYA_TECHNICAL_ARCHITECTURE_BLUEPRINT.md",
    "file_type": "md",
    "indexed_at": "2025-11-24T04:40:26.228671"
  },
  "created": "2025-11-24T04:40:26.228673",
  "confidence": 0.75,
  "connections": []
}