{
  "id": "1ac808ff4203",
  "type": "concept",
  "content": "ROLLING_STUDIO_INTEGRATION_GUIDE.md: # \ud83d\ude80 ROLLING STUDIO - Complete Integration Guide  **Status:** AI Content Processor BUILT and TESTED \u2705",
  "source": "cyclotron_md",
  "tags": [
    "md",
    "indexed",
    "documentation"
  ],
  "metadata": {
    "path": "C:/Users/dwrek/Desktop\\ARCHIVE_NOV_22\\BACKUP_20251116_145644\\deployment\\ROLLING_STUDIO_INTEGRATION_GUIDE.md",
    "file_type": "md",
    "indexed_at": "2025-11-24T04:40:25.775168"
  },
  "created": "2025-11-24T04:40:25.775171",
  "confidence": 0.75,
  "connections": []
}