{
  "id": "1ad8d5fbf8c1",
  "type": "fact",
  "content": "generateCommentsObjects.js: const _ = require('lodash');  const Comment = require('../../models/index.js').Comment;   async func",
  "source": "cyclotron_js",
  "tags": [
    "js",
    "indexed"
  ],
  "metadata": {
    "path": "C:/Users/dwrek/Desktop\\ARCHIVE_NOV_22\\OLD_PROJECTS\\OVERKORE_VIDEO_PLATFORM\\lib\\mediaPlayer\\generateCommentsObjects.js",
    "file_type": "js",
    "indexed_at": "2025-11-24T04:40:26.035035"
  },
  "created": "2025-11-24T04:40:26.035039",
  "confidence": 0.75,
  "connections": []
}