{
  "id": "1ae5a55f8535",
  "type": "concept",
  "content": "PACKAGES_SENT_COMPLETE.md: # \ud83c\udf89 PACKAGES SENT SUCCESSFULLY! \ud83c\udf89  ## \u2705 ALL THREE RECIPIENTS RECEIVED THEIR PACKAGES  **Date Sent:**",
  "source": "cyclotron_md",
  "tags": [
    "md",
    "indexed",
    "documentation"
  ],
  "metadata": {
    "path": "C:/Users/dwrek/Desktop\\ARCHIVE_NOV_22\\OLD_PROJECTS\\\u2705 COMPLETED_WORK\\_ORGANIZED_FILES\\Documents\\PACKAGES_SENT_COMPLETE.md",
    "file_type": "md",
    "indexed_at": "2025-11-24T04:40:26.181779"
  },
  "created": "2025-11-24T04:40:26.181783",
  "confidence": 0.75,
  "connections": []
}