{
  "id": "1aeb01f82984",
  "type": "data",
  "content": "ed1dab4a1a8d.json: {   \"id\": \"ed1dab4a1a8d\",   \"content\": \"Doc: C2 Autonomous Session Complete\",   \"type\": \"action\",   ",
  "source": "cyclotron_json",
  "tags": [
    "json",
    "indexed",
    "structure"
  ],
  "metadata": {
    "path": "C:/Users/dwrek/.consciousness\\cyclotron_core\\atoms\\ed1dab4a1a8d.json",
    "file_type": "json",
    "indexed_at": "2025-11-24T04:40:25.246575"
  },
  "created": "2025-11-24T04:40:25.246577",
  "confidence": 0.75,
  "connections": []
}