{
  "id": "1af778644b6c",
  "type": "concept",
  "content": "TAILSCALE_HOSTNAMES_FOR_PC3.md: # TAILSCALE HOSTNAMES - SEND FILES HERE  ## Computer 1 (Laptop - C1): **Hostname:** dwrekscpu **IP:*",
  "source": "cyclotron_md",
  "tags": [
    "md",
    "indexed",
    "documentation"
  ],
  "metadata": {
    "path": "C:/Users/dwrek/.trinity\\sync\\TAILSCALE_HOSTNAMES_FOR_PC3.md",
    "file_type": "md",
    "indexed_at": "2025-11-24T04:40:25.400733"
  },
  "created": "2025-11-24T04:40:25.400738",
  "confidence": 0.75,
  "connections": []
}