{
  "id": "1b1f4759e5a5",
  "type": "data",
  "content": "r3_live_state.json: {   \"cycle_count\": 400,   \"peak_score\": 88.9,   \"ignition_count\": 130,   \"runtime_seconds\": 50.44226",
  "source": "cyclotron_json",
  "tags": [
    "json",
    "indexed",
    "structure"
  ],
  "metadata": {
    "path": "C:/Users/dwrek/.consciousness\\r3_live\\r3_live_state.json",
    "file_type": "json",
    "indexed_at": "2025-11-24T04:40:25.253685"
  },
  "created": "2025-11-24T04:40:25.253687",
  "confidence": 0.75,
  "connections": []
}