{
  "id": "1b28505b6edf",
  "type": "concept",
  "content": "INVESTOR_POSITIONING_STRATEGY.md: # INVESTOR POSITIONING STRATEGY ## How to Present OVERKORE Without Looking Scattered  **The Problem:",
  "source": "cyclotron_md",
  "tags": [
    "md",
    "indexed",
    "documentation"
  ],
  "metadata": {
    "path": "C:/Users/dwrek/Desktop\\ARCHIVE_NOV_22\\OLD_DOCS\\INVESTOR_POSITIONING_STRATEGY.md",
    "file_type": "md",
    "indexed_at": "2025-11-24T04:40:25.906230"
  },
  "created": "2025-11-24T04:40:25.906233",
  "confidence": 0.75,
  "connections": []
}