{
  "id": "1b3a9c25a39a",
  "type": "fact",
  "content": "account.js: /** UNFINISHED **/ /* eslint-disable no-unused-vars */  const bluebird = require('bluebird'); const ",
  "source": "cyclotron_js",
  "tags": [
    "js",
    "indexed"
  ],
  "metadata": {
    "path": "C:/Users/dwrek/Desktop\\ARCHIVE_NOV_22\\OLD_PROJECTS\\OVERKORE_VIDEO_PLATFORM\\controllers\\backend\\account.js",
    "file_type": "js",
    "indexed_at": "2025-11-24T04:40:26.018491"
  },
  "created": "2025-11-24T04:40:26.018495",
  "confidence": 0.75,
  "connections": []
}