{
  "id": "1b3c1f593141",
  "type": "fact",
  "content": "index.js: const Upload = require('./Upload'); const User = require('./User'); const Comment = require('./Comme",
  "source": "cyclotron_js",
  "tags": [
    "js",
    "indexed"
  ],
  "metadata": {
    "path": "C:/Users/dwrek/Desktop\\ARCHIVE_NOV_22\\OLD_PROJECTS\\OVERKORE_VIDEO_PLATFORM\\models\\index.js",
    "file_type": "js",
    "indexed_at": "2025-11-24T04:40:26.051094"
  },
  "created": "2025-11-24T04:40:26.051096",
  "confidence": 0.75,
  "connections": []
}