{
  "id": "1b3c77ee1322",
  "content": "AI Tool: init_cmd.py | Path: C:\\Users\\dwrek\\AI_AUTOMATION_TOOLS\\browser-use\\browser_use\\init_cmd.py",
  "type": "ai_tool",
  "source": "C:\\Users\\dwrek\\AI_AUTOMATION_TOOLS\\browser-use\\browser_use\\init_cmd.py",
  "tags": [
    "jarvis",
    "automation",
    "black_swan"
  ],
  "links": [],
  "created": "2025-11-26T12:30:38.593163",
  "updated": "2025-11-26T12:30:38.593165",
  "confidence": 0.8,
  "usage_count": 0,
  "metadata": {
    "path": "C:\\Users\\dwrek\\AI_AUTOMATION_TOOLS\\browser-use\\browser_use\\init_cmd.py"
  }
}