{
  "id": "1b474c2e32f8",
  "type": "concept",
  "content": "QUICK_DEPLOY_BUILDER_TERMINAL.md: # \ud83d\ude80 QUICK DEPLOY - Builder Terminal to Railway  ## Network Issue Fix - Use GitHub Deployment  Railwa",
  "source": "cyclotron_md",
  "tags": [
    "md",
    "indexed",
    "documentation"
  ],
  "metadata": {
    "path": "C:/Users/dwrek/Desktop\\ARCHIVE_NOV_22\\BACKUP_20251116_145644\\deployment\\QUICK_DEPLOY_BUILDER_TERMINAL.md",
    "file_type": "md",
    "indexed_at": "2025-11-24T04:40:25.767334"
  },
  "created": "2025-11-24T04:40:25.767336",
  "confidence": 0.75,
  "connections": []
}