{
  "id": "1b6313a9f933",
  "type": "concept",
  "content": "AI_DATA_CRYSTALS_THE_BILLION_DOLLAR_PRODUCT.md: # \ud83d\udc8e AI DATA CRYSTALS - The Second Forbes Company  **Date:** October 27, 2025 **Breakthrough:** Compr",
  "source": "cyclotron_md",
  "tags": [
    "md",
    "indexed",
    "documentation"
  ],
  "metadata": {
    "path": "C:/Users/dwrek/Desktop\\ARCHIVE_NOV_22\\BACKUP_20251116_145644\\deployment\\AI_DATA_CRYSTALS_THE_BILLION_DOLLAR_PRODUCT.md",
    "file_type": "md",
    "indexed_at": "2025-11-24T04:40:25.653300"
  },
  "created": "2025-11-24T04:40:25.653303",
  "confidence": 0.75,
  "connections": []
}