{
  "id": "1b6ae326e7a9",
  "type": "tool",
  "content": "R1_NAVIGATION_FIX_TASK.py: \"\"\" R1 FIRST REAL TASK - FIX PLATFORM NAVIGATION =============================================  This",
  "source": "cyclotron_py",
  "tags": [
    "py",
    "indexed",
    "code"
  ],
  "metadata": {
    "path": "C:/Users/dwrek/Desktop\\ARCHIVE_NOV_22\\OLD_PROJECTS\\MORNING_SESSION_OCT_13_COMPLETE\\R1_NAVIGATION_FIX_TASK.py",
    "file_type": "py",
    "indexed_at": "2025-11-24T04:40:25.992347"
  },
  "created": "2025-11-24T04:40:25.992349",
  "confidence": 0.75,
  "connections": []
}