{
  "id": "1b8dab64a1fa",
  "content": "Trinity Doc: BRAIN ARCHITECTURE FOR SPREADSHEET BRAIN",
  "type": "insight",
  "source": "trinity_doc",
  "tags": [
    "trinity",
    "documentation"
  ],
  "links": [
    "56bf395600db",
    "5edad3b42a24",
    "31055472b7c2",
    "536a8fd0404e",
    "21a1a74d4289",
    "4159c97371f1"
  ],
  "created": "2025-11-23T22:19:56.681792",
  "updated": "2025-11-23T22:19:56.681792",
  "confidence": 1.0,
  "usage_count": 181,
  "metadata": {}
}