{
  "id": "1bbe0a1b0041",
  "type": "concept",
  "content": "COMMUNICATIONS_REVOLUTION_MASTER_PLAN.md: # COMMUNICATIONS REVOLUTION MASTER PLAN ## Everything Created + Your Complete Path Forward  **Date:*",
  "source": "cyclotron_md",
  "tags": [
    "md",
    "indexed",
    "documentation"
  ],
  "metadata": {
    "path": "C:/Users/dwrek/Desktop\\ARCHIVE_NOV_22\\OLD_PROJECTS\\\ud83d\udcda DOCUMENTATION\\COMMUNICATIONS_REVOLUTION_MASTER_PLAN.md",
    "file_type": "md",
    "indexed_at": "2025-11-24T04:40:26.232488"
  },
  "created": "2025-11-24T04:40:26.232490",
  "confidence": 0.75,
  "connections": []
}