{
  "id": "1bc31cd20bb8",
  "type": "concept",
  "content": "ACTION_LIST_WHILE_OUTSIDE.md: # \ud83d\udccb ACTION LIST - WHILE YOU'RE OUTSIDE  ## PRIORITY 1: CALL MOUNTAIN WEST BANK \u260e\ufe0f  **Phone:** [Look ",
  "source": "cyclotron_md",
  "tags": [
    "md",
    "indexed",
    "documentation"
  ],
  "metadata": {
    "path": "C:/Users/dwrek/Desktop\\ARCHIVE_NOV_22\\BACKUP_20251116_145644\\deployment\\ACTION_LIST_WHILE_OUTSIDE.md",
    "file_type": "md",
    "indexed_at": "2025-11-24T04:40:25.651214"
  },
  "created": "2025-11-24T04:40:25.651216",
  "confidence": 0.75,
  "connections": []
}