{
  "id": "1bde5037f4b8",
  "type": "concept",
  "content": "AI_CHATBOT_ADDED_COMPLETE.md: # \ud83e\udd16 AI CHATBOT ADDED TO DEBUG TERMINAL! \ud83e\udd16  ## What We Just Built  **Commander's Vision:** \"I could l",
  "source": "cyclotron_md",
  "tags": [
    "md",
    "indexed",
    "documentation"
  ],
  "metadata": {
    "path": "C:/Users/dwrek/Desktop\\ARCHIVE_NOV_22\\BACKUP_20251116_145644\\deployment\\AI_CHATBOT_ADDED_COMPLETE.md",
    "file_type": "md",
    "indexed_at": "2025-11-24T04:40:25.652602"
  },
  "created": "2025-11-24T04:40:25.652604",
  "confidence": 0.75,
  "connections": []
}