{
  "id": "1be598870d7d",
  "type": "interface",
  "content": "seven_domains.html: <!DOCTYPE html> <html lang=\"en\"> <head>     <meta charset=\"UTF-8\">     <meta name=\"viewport\" content",
  "source": "cyclotron_html",
  "tags": [
    "html",
    "indexed",
    "ui"
  ],
  "metadata": {
    "path": "C:/Users/dwrek/100X_DEPLOYMENT\\seven_domains.html",
    "file_type": "html",
    "indexed_at": "2025-11-24T04:40:25.116869"
  },
  "created": "2025-11-24T04:40:25.116872",
  "confidence": 0.75,
  "connections": []
}