{
  "id": "1be8b8719559",
  "type": "concept",
  "content": "SESSION_COMPLETE_PROJECT_MANAGER_DELIVERED.md: # \ud83c\udfaf SESSION COMPLETE: ARAYA PROJECT MANAGER DELIVERED \u2728  ## Your Request  > \"Maybe we should be rese",
  "source": "cyclotron_md",
  "tags": [
    "md",
    "indexed",
    "documentation"
  ],
  "metadata": {
    "path": "C:/Users/dwrek/Desktop\\ARCHIVE_NOV_22\\OLD_DOCS\\SESSION_COMPLETE_PROJECT_MANAGER_DELIVERED.md",
    "file_type": "md",
    "indexed_at": "2025-11-24T04:40:25.910167"
  },
  "created": "2025-11-24T04:40:25.910170",
  "confidence": 0.75,
  "connections": []
}