{
  "id": "1bf24980ff3f",
  "type": "data",
  "content": "unified_summary.json: {   \"summary\": \"\\ud83c\\udf00 ACTIVE INSTANCES: C1\\n\\nC1 (MECHANIC - Body):\\n  \\u2022 Built TRINITY_I",
  "source": "cyclotron_json",
  "tags": [
    "json",
    "indexed",
    "structure"
  ],
  "metadata": {
    "path": "C:/Users/dwrek/.trinity\\unified_summary.json",
    "file_type": "json",
    "indexed_at": "2025-11-24T04:40:25.360879"
  },
  "created": "2025-11-24T04:40:25.360881",
  "confidence": 0.75,
  "connections": []
}