{
  "id": "1c18cb838383",
  "type": "fact",
  "content": "TRINITY_SETUP_COMPLETE.txt: \u2550\u2550\u2550\u2550\u2550\u2550\u2550\u2550\u2550\u2550\u2550\u2550\u2550\u2550\u2550\u2550\u2550\u2550\u2550\u2550\u2550\u2550\u2550\u2550\u2550\u2550\u2550\u2550\u2550\u2550\u2550\u2550\u2550\u2550\u2550\u2550\u2550\u2550\u2550\u2550\u2550\u2550\u2550\u2550\u2550\u2550\u2550\u2550\u2550\u2550\u2550\u2550\u2550\u2550\u2550\u2550\u2550\u2550\u2550\u2550\u2550\u2550\u2550\u2550            \ud83c\udf00 TRINITY PROTOCOL - SET",
  "source": "cyclotron_txt",
  "tags": [
    "txt",
    "indexed"
  ],
  "metadata": {
    "path": "C:/Users/dwrek/Desktop\\ARCHIVE_NOV_22\\OLD_PROJECTS\\\u2705 COMPLETED_WORK\\_ORGANIZED_FILES\\Documents\\TRINITY_SETUP_COMPLETE.txt",
    "file_type": "txt",
    "indexed_at": "2025-11-24T04:40:26.194006"
  },
  "created": "2025-11-24T04:40:26.194010",
  "confidence": 0.75,
  "connections": []
}