{
  "id": "1c1f816702c0",
  "type": "fact",
  "content": "SMS_MESSAGE_BETA_TESTERS.txt: \ud83d\ude80 CONSCIOUSNESS REVOLUTION UPDATE  Hey! Your beta access is ready.  CHECK THIS OUT: https://concious",
  "source": "cyclotron_txt",
  "tags": [
    "txt",
    "indexed"
  ],
  "metadata": {
    "path": "C:/Users/dwrek/Desktop\\ARCHIVE_NOV_22\\BACKUP_20251116_145644\\deployment\\SMS_MESSAGE_BETA_TESTERS.txt",
    "file_type": "txt",
    "indexed_at": "2025-11-24T04:40:25.782985"
  },
  "created": "2025-11-24T04:40:25.782987",
  "confidence": 0.75,
  "connections": []
}