{
  "id": "1c21a9bb7151",
  "type": "concept",
  "content": "3_COMPUTER_SESSION_STATUS_NOV_6.md: # \ud83d\udda5\ufe0f 3-COMPUTER SESSION STATUS - NOVEMBER 6, 2025  **Time:** 4:10 PM PST **Session:** 3-computer coo",
  "source": "cyclotron_md",
  "tags": [
    "md",
    "indexed",
    "documentation"
  ],
  "metadata": {
    "path": "C:/Users/dwrek/.trinity\\archived_sessions\\3_COMPUTER_SESSION_STATUS_NOV_6.md",
    "file_type": "md",
    "indexed_at": "2025-11-24T04:40:25.368532"
  },
  "created": "2025-11-24T04:40:25.368536",
  "confidence": 0.75,
  "connections": []
}